start_osm_way_id,end_osm_way_id,t_type
50473175,50473175,0
50473175,6053455,2
6057085,50473176,3
6057085,130908030,0
6057382,50506641,2
6057382,121980305,1
50473175,50464889,0
50473175,6063316,4
6053455,6063316,1
50464889,131052339,3
50464889,58681089,0
6063316,6063316,0
130908291,345633935,0
130908291,345633936,3
321477125,321477125,0
296775851,6056201,1
121980283,121980287,0
229105896,6057902,2
229105896,229105896,0
6051389,229105896,2
131240439,229105896,4
131240439,131240439,0
131052528,131052528,0
131052528,203022890,3
6055156,382529648,7
6055156,131240428,0
6051485,6051485,1
6051485,234706405,4
6051497,6051497,1
6051497,6051509,6
50507958,6051509,5
50507958,50507959,0
193002132,6053854,7
193002132,193002132,0
6051497,6058982,6
6051497,50507957,2
6051509,193002132,7
6051509,6051509,1
6051509,6051497,4
6051509,6051509,1
50507959,50507959,0
193002132,6051497,6
193002132,50507958,7
193002132,193002132,0
6051509,6058982,1
6058982,130908172,7
6058982,6058982,0
6057626,6055551,1
50513891,50513891,0
288338891,345632497,2
50506190,50506190,1
50473277,50506638,1
6051630,130808338,0
6051630,6062650,3
50519365,6053651,3
50519365,50519365,0
130808338,130285130,3
130808338,130808338,0
6062650,6062650,0
6062650,130285130,2
382529648,56226936,3
382529648,382529648,0
6051767,6054902,0
50511176,6062969,5
50511176,50511362,0
6059268,6062969,7
296384738,296384738,0
296384738,6057751,3
6051771,117251331,7
6056239,6056239,0
6056366,131463018,3
6056366,6056366,0
130908289,50428539,7
130908289,130908289,0
50511362,6056239,7
6051910,297237152,3
6051910,6054568,0
121980283,121980283,0
298637131,298637131,0
385163475,203022890,7
385163475,385163475,0
385163479,130889741,1
119971773,119971773,0
119971773,264250026,7
50511181,50511181,0
50511181,296334912,2
6053093,296951208,2
6056201,121980261,0
121980338,6056201,1
121980321,121980338,1
121980319,121980319,1
121980319,295725702,3
296606844,121980319,1
296606844,121980338,1
346876687,131448538,0
346876690,346876694,0
6054575,257319363,1
6054575,50513900,7
50511272,50511273,1
35600668,50432623,1
50432623,203023776,7
50432623,203023775,0
6052328,296901762,1
130889740,382529648,3
130889740,130889739,0
50710189,50710189,0
50710189,112601548,7
6052344,362659444,1
6059311,6059311,13
6060937,6060937,0
296591633,296591633,0
6052416,45838764,2
45838764,45838764,0
6052418,130908169,1
131233773,50511187,3
131233773,131233773,0
6055384,6055384,0
6055384,6055234,4
6055384,6055517,8
6052473,130788153,5
130788132,130788132,0
130772943,50428539,4
130772943,130772943,0
6052475,50428539,2
132577682,132577682,0
6054345,6061085,3
278159516,6061639,3
6276737,6276737,0
6276737,51376970,2
6061305,6061305,0
6061305,6057450,7
6061205,6061205,0
6061205,274368987,3
6052634,6061205,8
296348848,296345143,6
296348848,296348848,0
130908169,130908169,0
45838764,45838764,0
24238018,24238018,0
24238018,146537575,3
345633938,345633938,13
6063014,130714951,2
6052713,6063014,8
50515732,50519365,3
50515732,50519361,1
50515732,50515732,0
6052748,298637132,1
6057163,51857282,0
6057163,26605624,7
6054255,297294784,3
6054255,6054255,0
6052181,50202335,5
6052882,308739814,2
130788190,308739814,3
130788190,130788195,0
308739814,308739814,0
308739814,130788207,2
87036501,334551148,3
87036501,334551149,0
366731347,130927107,4
366731347,130927064,0
6052985,6060678,4
6052985,130788132,2
6060678,6060678,0
6060678,135149454,7
130788132,130788132,0
50511196,130808339,3
50511196,50511196,0
121980245,121980243,1
50511360,50511359,1
6053096,379782120,3
6060995,130802379,3
6060995,6060995,0
6053098,296348848,3
6054897,6061205,1
6062869,6062869,0
6062867,121980358,1
50502378,203022890,0
50502378,130889763,7
130908274,346876669,0
130908274,26605693,3
6057381,6057381,0
6053281,6053281,0
347004691,296237525,7
345633937,345633937,0
82331267,82331267,0
345709541,345709541,13
345709541,6051343,12
6053391,6057310,6
367694949,6056078,3
367694949,367694949,0
6053422,131240403,8
234706403,6057996,4
234706403,234706403,0
131240403,131240403,0
131240403,6057996,3
29964834,29964834,0
6057996,130714932,7
6057996,6057996,0
50519363,6063014,1
50519363,50519365,6
296790099,6053281,6
296790099,347004691,8
296790098,297254928,6
6053454,40343528,1
202975562,40343528,3
202975562,202975562,0
6063316,50506641,1
6063316,121980305,8
29964834,29964834,0
29964834,29964834,0
29964834,29964834,0
130714932,130714932,0
29964834,29964834,0
29964834,130714932,3
29964834,29964834,0
29964834,29964834,0
29964834,29964834,0
6054455,6051485,1
29964834,29964834,0
234706403,234706403,0
29964834,29964834,0
29964834,234706403,2
29964834,29964834,0
135146241,135146364,3
135146241,135146241,0
6053545,6053545,0
29961210,6056078,3
29961210,29961210,0
131240446,131240446,0
131240446,234706403,2
6053560,29961210,3
6054237,334626741,7
6054237,6054237,0
6059537,6057027,3
6059537,6059537,0
367694955,367694955,0
367694955,6058672,7
367694955,6061456,3
29964830,29964830,0
29964830,6061639,7
6053651,367694955,7
6053651,29964830,1
6059017,6058672,7
6059017,6059017,0
6053651,6053651,0
6053651,6059017,7
50519365,50519365,0
50519365,6058672,7
6053651,6053651,0
6053651,50519365,7
6053860,6053860,0
50795351,50795351,0
50795351,6062650,3
29964829,29964829,0
29964829,229108522,1
29964829,229108523,1
29964829,50795351,3
29964829,29964829,0
29961219,29964829,0
29961684,29961684,0
29961684,6058679,7
29961219,29961219,0
29961219,29961684,7
6056078,6056078,0
6056078,361443985,3
29961219,29961219,0
6057257,6057257,0
6057257,6058679,7
131240403,131240403,0
131240403,50795344,3
29961219,29961219,0
29961219,274368996,7
29961219,29961219,0
29961219,29961219,0
131240406,131240406,0
131240406,6058679,7
29961219,29961219,0
29961219,131240406,7
97695773,97695773,0
97695773,6058679,7
29961219,29961219,0
29961219,97695773,7
131520118,131520118,0
131520118,6058679,7
131052414,6058679,7
131052414,131052414,0
29961219,29961219,0
29961219,131520118,7
29961219,131052414,7
29961219,29961219,0
112601555,112601555,0
120478418,120478418,0
120478418,6057421,7
130772943,6057417,7
130772943,130772943,0
50428539,50428539,0
345633935,345633935,0
345633935,50431292,4
345633935,6054895,3
345633935,345633935,0
6056057,130908289,7
6056057,6056057,0
345633935,345633935,0
345633935,6056057,7
6057204,130908290,7
6057204,130285140,6
50799230,50799230,0
130908291,130908291,0
130908291,321477125,7
130802362,130802362,0
130908291,130908291,0
130908291,323742888,3
6054111,6054111,0
356370371,50795348,0
131052479,131052479,0
131052479,6055500,3
6062650,130808338,8
6062650,6062650,0
50519392,6051630,0
50519392,50519365,0
50519365,50519365,0
50519365,6060600,7
6058672,6053860,3
50519365,50519365,0
6060600,29964831,0
50519365,50519365,0
50519365,229105896,6
50519365,50519365,0
50519365,6061169,7
229105896,229105896,0
50519365,50519365,0
50519365,6057902,7
6061169,130927006,7
6061169,6061169,0
50519365,131240439,3
50519365,50519365,0
6057902,130927006,7
6057902,6057902,0
131240439,6051389,3
131240439,131240439,0
50519365,50519365,0
50519365,6672162,3
50519365,50519365,0
50519365,6061232,7
6672162,6672162,0
6672162,6057632,7
50519365,50519365,0
50519365,6055929,7
6061232,6061232,0
50519365,6063014,4
50519365,50519365,0
6055929,130714932,7
50519365,29964834,3
6061911,130714932,7
131520118,29961219,3
131520118,131520118,0
294891243,131052414,0
294891243,29961219,3
6053744,131520118,7
6053854,131052494,7
193002132,6059954,1
131052494,50507959,3
367694950,367694954,7
367694950,367694950,0
50795351,367694950,3
6062650,50795344,0
6062650,6057310,4
6053860,6053860,0
6053860,229105897,1
29964831,29964831,0
6053861,29964829,7
6058679,29961684,3
6058679,6058679,0
6053861,6053861,0
29961210,29961210,0
29961210,29961684,3
29964831,29964831,0
29964831,234706405,2
29964831,315389630,8
301594129,229105896,4
130927006,29964831,3
130927006,301594129,7
130927006,130927006,0
6061169,234706402,3
6061169,6061169,0
130927006,130927006,0
130927006,6061169,3
6057902,234706402,3
6057902,6057902,0
130927006,130927006,0
130927006,6057902,3
131240439,131240439,0
131240439,50519365,7
130927006,130927006,0
130927006,131240439,7
6055449,6055449,0
6055449,6058218,7
130927007,130927006,0
130927007,6055449,7
130927085,234706402,3
130927085,130927085,0
130714932,130927007,0
130714932,130927085,3
130714932,130714932,0
6057996,6054013,3
6057996,6057996,0
130714932,130714932,0
130714932,6057996,3
50519360,50519360,0
130714932,130714932,0
130714932,50519360,4
6059017,6053651,3
6059017,6059017,0
6053914,47916244,7
6053914,120478694,0
47916244,6060937,7
120478694,45838764,3
45838764,45838764,0
45838763,70948802,3
45838763,70948803,0
347003328,130802371,3
347003327,131076063,7
347003327,347003327,0
131076063,130802371,3
347003327,347003327,0
347003327,74100353,3
354079209,175873836,4
354079209,74100353,0
347003327,347003327,0
347003327,298848145,3
347003327,347003327,0
347003327,6062732,7
298848145,298814315,1
298848145,130285121,0
347003229,347003229,0
203119342,298815729,3
203119342,126303361,0
298815729,352412039,0
126303361,126303361,0
126303361,108060074,7
353283535,353283535,0
353283535,347003226,7
6054631,130714953,0
6054013,50519360,8
6057996,29961677,3
6057996,6057996,0
50519360,29961677,2
50519360,50519360,0
6054046,334626741,0
6054046,334626740,3
6059711,6059711,0
6059711,131240428,3
334626741,334626741,0
334626741,117422853,3
334626740,131240428,3
334626740,334626740,0
334626741,334626741,0
334626741,6054237,3
117422853,131240428,3
117422853,117422853,0
334626741,6057027,3
334626741,334626741,0
6054237,131240428,3
6054237,6054237,0
6057027,131240428,3
6057027,6057027,0
334626741,203022888,3
334626741,334626741,0
203022888,203022888,0
203022888,367147297,3
334626741,334626741,0
334626741,178704668,3
6061459,6062518,1
6061459,50503658,2
131240411,6052335,1
131240411,130889740,1
131052528,131240428,3
131052528,131052528,0
6054078,6062978,7
6054078,130908303,0
6056032,296384738,7
6056032,296756720,0
6062978,6055608,3
130908303,50519379,3
130908303,130908303,0
130908303,297273914,3
297273916,297285722,0
297273916,297294797,8
257319363,296365924,0
257319363,131052383,0
50513900,131052383,7
50513900,50513900,0
50513902,50511273,7
119971773,206306596,3
119971773,119971773,0
119971772,119971772,0
119971772,296360429,7
119971772,119971772,0
119971772,296360885,3
296355738,296355738,0
296355738,371045428,3
119971772,119971772,0
119971772,296355738,3
6063421,6063421,0
6054083,50511360,0
50511363,50511363,0
50511363,6057096,7
50511363,6061869,7
6057096,6057096,0
6057096,274368994,3
6061869,6061869,0
6054059,50511362,1
297401856,50511362,7
296352769,6052466,3
6054110,130808339,7
6054111,6054111,0
6054111,126303353,0
126303353,6062408,3
126303353,126303353,0
6062408,131233774,0
126303353,131448570,7
126303353,297273915,2
126303353,130772962,3
131448570,297268564,3
297273915,297273915,0
130772962,6054255,7
297273915,50513886,2
297273915,297285721,0
297285722,297294784,2
297285722,50513888,1
297294797,297294797,0
297294797,297295058,6
297285723,146537585,3
297285723,297285723,0
45838766,45838766,0
297294789,297295058,3
297294789,297294789,0
203025089,203025089,0
203025089,293445997,3
203025090,146537578,3
203025090,345709543,0
6058193,6051762,1
45838765,203025089,1
45838765,203025090,7
146537587,297380208,1
45838764,295763966,3
45838764,45838764,0
297368435,297759292,0
297368435,297444228,0
6055551,6055551,0
120478418,6055551,7
6062397,6063274,2
6062397,50431293,0
120478418,120478418,0
120478418,6063274,7
120478418,120478418,0
6057421,6054254,4
6057421,130907982,7
120478418,6053702,7
120478418,120478418,0
50427058,120478418,0
6058793,345633934,7
126303354,126303354,0
126303354,6060903,7
6054237,6054237,0
6054237,358957485,2
50795345,203022888,0
50795345,203022903,7
367147288,50503658,0
367147288,47969697,2
50503658,50503658,0
47969697,203022903,7
47969697,47969697,0
50503658,6062518,8
50503658,50503658,0
131052528,131240411,7
131052528,131052528,0
130889741,6052335,1
130889741,130889740,0
382529648,382529648,0
382529648,131240428,3
131240428,131240428,0
131240428,117422853,7
6054237,56226936,3
6054237,6054237,0
367694955,367694955,0
367694955,6062650,7
6061966,6061966,0
6061966,6059017,3
50501877,6052529,1
117313634,117313634,0
117313634,367694953,7
117313634,117313634,0
117313634,130908030,7
367694953,367694953,0
367694953,50795345,3
117313634,117313634,0
117313634,50507961,2
130908030,6058979,1
130908030,50795345,3
131052494,131052494,0
6061052,6061052,0
6061052,50795345,4
130908179,6058296,7
130908179,130908179,0
6054250,6054250,0
6054250,297401524,7
6055551,6055551,0
6054252,6054252,0
6054252,338426581,7
130889684,6058077,7
130889684,50431292,2
130889755,6055383,3
130889755,130889755,0
6058077,120478418,7
50431292,50431292,0
50431292,296971737,7
130772943,6058077,3
130772943,50431292,0
6054254,50431292,7
6054254,296971737,0
6054254,130772943,3
6054254,6054254,0
6054257,297237153,0
6054322,130927099,7
6054322,6054322,0
6056988,6055504,3
6056988,6056988,0
130927099,130927099,0
6054323,202975562,7
202975562,6053454,2
202975562,202975562,0
6054329,6054329,0
6054329,50752706,3
130927091,130927091,0
6061085,6060076,3
6061085,6061085,0
6054373,131052470,0
6054373,48138837,1
297254936,297254936,0
297254936,6061924,3
131052470,131052472,0
131052470,131052522,7
48138837,131052333,0
48138837,347004690,7
131052472,126303368,7
131052522,131052333,3
131052522,347004690,0
126303368,131052335,3
126303368,203023774,0
367694954,6055384,1
50795350,132577565,3
132577565,50515742,0
132577565,50795349,7
132577565,50279569,1
130788132,130788132,0
6055389,45838763,3
298825115,298825115,0
298825115,70948802,3
117315789,117315789,0
117315789,6056972,3
131240403,117315789,3
50795344,130676655,7
50795344,50795344,0
131240403,131240403,0
131240403,29961219,7
6058679,6058679,0
131240403,131240403,0
131240403,6058679,3
29961210,135146241,7
29961210,29961210,0
131240446,131240446,0
131240403,131240403,0
131240403,29961210,3
131240403,131240446,7
131240403,131240403,0
6061169,6061169,0
131240403,131240403,0
131240403,6061169,3
131240403,131240403,0
131240439,131240439,0
131240439,131520066,7
131240403,131240403,0
130927079,130927079,0
131240403,131240439,7
131240403,131240403,0
130927085,130927085,0
130927085,6055973,3
131240403,130927079,7
131240403,131240403,0
131240403,130927085,3
131240403,131240403,0
6057996,6057996,0
234706403,6053422,3
234706403,234706403,0
131240403,131240403,0
131240403,265827169,3
6054456,6054456,0
6054456,50752706,3
6060851,6060851,0
130927059,331912753,1
50515742,50515742,0
50515742,50279566,6
50795349,50515741,7
50279569,50279566,0
50279569,6057310,0
131520219,6061085,3
131520219,131520219,0
6054471,308745784,3
367694955,367694955,0
367694955,29964830,3
6062650,6059017,3
6062650,6062650,0
6061639,6061639,0
50795345,367694953,7
50795345,50795345,0
130285143,131076086,2
130285143,130285143,0
367694953,131076086,3
50795345,6058979,7
50795345,50795345,0
6058979,131076086,4
6058979,130908178,0
6058979,6061863,3
50795345,50795345,0
50795345,131052330,7
50795345,50795345,0
50795345,50507959,7
131052330,131076086,3
131052330,131052330,0
6061052,131076086,4
6061052,6256526,1
50795345,50795345,0
50795345,6056757,7
50795345,50795345,0
50795345,367150539,7
6056757,6056757,0
6056757,131076086,3
203022888,203022888,0
203022888,367147295,3
203022903,203022903,0
203022903,178704668,3
203022888,203022888,0
203022888,367147290,7
131240428,131240428,0
131240428,6057027,7
50519367,297212177,0
297268567,50513895,7
50513895,130285125,0
50513895,50473188,2
6055095,6055095,0
50513897,296756722,7
50513897,296756718,0
6054573,6054573,0
6054573,6055517,8
6054573,6051910,0
6055517,297237154,4
296365924,296365924,0
296365924,296367654,1
131052383,131052383,0
6054631,6054631,0
6057457,6057457,0
6054631,6054631,0
130714953,50521641,7
50521641,231628322,2
50521641,50521641,0
6054785,6054785,0
6054785,374649524,7
130927085,130927085,0
6057996,6057996,0
6057996,374649523,7
297368625,130802359,3
297368625,130802376,0
6054886,6054886,0
6054886,6061387,3
131076063,131076063,0
131076063,70948801,3
333922526,297382770,3
131076063,131076063,0
131076063,130889749,3
70948801,50260020,3
70948801,70948801,0
131076063,131076063,0
131076063,347003327,3
130889749,50260020,3
130889749,130927087,0
130889749,50260019,7
130802371,175873836,0
130802371,74100353,3
130285153,26707840,7
130285153,126303366,0
6054895,6054895,0
6054895,130889757,3
6054895,130889761,7
6054895,6054895,0
130889757,130889757,0
130889761,130889761,0
130889761,50797098,7
6054895,6054895,0
6054895,130908289,3
6054895,6054895,0
6054895,345633935,7
130908289,130908289,0
130908289,6056057,3
50524889,6056057,3
50524889,50524889,0
6054895,6054895,0
130285156,130285156,0
130285156,6056057,3
6061205,6061205,0
296365351,120478695,3
297380211,297380211,0
120478695,274292566,7
120478695,120478695,0
297214545,306464121,0
306464119,297200808,11
50795349,50515742,1
50795349,50795349,0
50795349,50279569,3
367694954,367694954,0
367694954,50795350,3
367694954,50795349,3
367694954,367694954,0
367694950,367694949,0
131240381,367694954,0
131240381,367694950,3
6057310,50795344,6
6057310,6057310,0
29961684,29961219,3
29961684,29961684,0
50795344,6056078,3
50795344,50795344,0
29961684,29961210,7
29961684,29961684,0
6058679,6056078,3
6058679,6058679,0
29961210,29961210,0
29961684,29961684,0
234706402,234706402,0
234706402,6057902,7
6061169,6061169,0
6061169,234706405,2
234706402,131240439,3
234706402,234706402,0
6057902,6057902,0
6057902,234706405,2
131240439,130927006,3
131240439,131240439,0
234706402,234706402,0
234706402,130927079,3
234706402,234706402,0
234706402,130927085,7
130927079,130927006,3
130927079,6055449,0
234706402,29961677,0
234706402,6057996,7
130927085,6054785,3
130927085,130927085,0
29961677,29961677,0
29961677,50519360,8
6057996,6057996,0
29961677,29964834,3
50519360,29964834,4
6055034,6055034,0
317710043,317710043,1
317710043,331911998,7
297254928,297254936,7
297254928,297254928,0
130927099,130927099,0
130927099,6054322,3
130908081,130908081,0
130908081,6062972,7
130927099,130927031,3
130927099,130927099,0
6055099,297268567,0
6055099,297268565,0
297268567,50519367,3
297268567,297268567,0
297268565,297268569,1
126303362,130802371,0
298829677,70948802,0
298829677,70948803,7
130802371,130802371,0
130802371,130802371,0
130802372,130802372,0
345709542,347003327,7
345709542,298848145,0
130802372,345633934,7
130802372,131448559,0
6061945,6061945,0
6061945,108060074,7
49999718,49999718,0
298832261,130908282,7
298832261,298832254,0
126303356,50429909,3
126303356,352412083,0
345633934,345633934,0
345633934,6060903,3
130908282,345633934,3
298832254,50429914,7
298832254,50429916,3
298832254,298832254,0
203119345,203119345,0
203119345,108060074,3
353283535,353283535,0
353283535,298832235,8
6059711,56226936,3
6059711,6059711,0
131240428,379685264,3
131240428,6059711,7
131240428,131240428,0
6058376,56226936,3
6058376,6058376,0
131240428,131240428,0
131240428,6058376,7
334626740,131463021,0
334626740,56226936,3
131240428,131240428,0
131240428,334626740,7
117422853,56226936,3
117422853,117422853,0
131240428,131240428,0
131240428,6054237,7
6057027,6057027,0
6057027,56226936,3
131240442,6061459,0
131240442,334626741,3
131240428,131240428,0
131240428,47969697,7
131240428,131240442,3
131240428,131240428,0
131052528,131052528,0
382529648,382529648,0
131240428,131240428,0
131240428,131052528,7
131240449,6055156,7
131240449,131240448,0
6055158,50496706,3
6062745,382529648,5
50496706,130764285,3
131270354,131270354,0
131270354,130764285,3
6062974,50464889,6
6062974,6063316,1
6055174,50473176,3
50473176,130908172,0
50473176,6058982,3
130802362,130802362,0
296756719,296756719,0
296756719,87036501,7
45837735,45837735,0
45837735,50752706,7
130772943,130908292,2
130772943,130772943,0
6055551,6055551,0
6055383,6055551,7
130889755,130285119,3
130889755,130889756,0
131052297,297368625,3
131052297,131052297,0
297294792,333922766,3
297294792,120478695,0
26572919,26572919,0
26572919,333922766,3
131052297,120478696,7
120478696,45838768,0
229105896,6057312,0
229105896,229105895,0
131240446,301594129,0
131240446,234706405,6
234706403,29961684,7
131240446,131240446,0
131240446,6053560,3
6056078,6056078,0
6056078,6061169,7
131240446,131240446,0
131240446,6056078,7
131240446,131240446,0
131520066,6061169,7
131520066,131520066,0
131240446,131240446,0
131240446,131520066,7
135146241,135146241,0
135146241,29961210,3
50519366,135146241,3
131240406,131240406,0
131240406,6061169,7
50519366,50519366,0
50519366,131240406,7
97695773,97695773,0
97695773,135149436,7
50519366,50519366,0
50519366,97695773,7
131520118,131520118,0
50519366,50519366,0
50519366,131520118,7
50519366,50519366,0
6063401,131052519,3
50519366,50519366,0
50519366,6063401,3
112601555,130788136,0
367694955,367694955,0
367694955,6061169,7
367694955,6716410,3
6055407,6055403,0
6055407,6059017,3
6057407,6057407,0
6057407,6061639,7
6055403,50519365,3
6059017,6061169,7
6059017,6059017,0
229105896,229105896,0
229105896,131240439,6
50515738,6254095,1
6672162,229105896,4
6672162,50515738,0
6057632,6061232,7
6055449,50519365,7
6055449,6672162,0
6058218,6061232,7
130927079,234706402,7
130927079,130927079,0
131240390,131240390,0
131240390,130927085,7
130927079,130927079,0
130927079,234706405,6
234706403,234706403,0
234706403,131240439,8
130927079,130927079,0
130927079,234706403,2
130927079,130927079,0
130927079,131240403,3
135146241,131240439,7
135146241,135146241,0
130927079,130927079,0
131240406,131240406,0
131240406,130927085,7
130927079,130927079,0
130927079,131240406,7
130927021,130788153,0
130927080,130788132,4
130788132,6052473,3
130788132,130788132,0
131052479,367694950,0
6055504,130927099,7
6056988,296860850,0
6055517,6054573,2
6055517,6055517,0
50510610,6054573,3
130908164,130908164,0
130908164,6055384,7
297237154,297237151,3
297237154,297237152,0
6055518,130772891,3
6062206,6062206,0
6062206,6060056,3
6055521,6055521,0
6055521,234706405,2
234706407,29964834,3
345633934,345633934,0
345633934,126303366,3
130908283,345633934,3
352412093,352412093,0
352412093,6058797,3
49999717,50429917,8
49999717,49999717,0
353283535,353283535,0
215307084,215307084,0
215307084,108060074,3
6055551,26707982,7
6055551,130285153,0
26707982,130285133,0
130285153,6062881,5
130285153,130285153,0
130285153,298458830,3
130285153,130285153,0
126303354,6058793,6
126303354,126303354,0
126303366,345633934,7
126303366,126303366,0
345633934,345633934,0
345633934,130889757,3
126303366,126303365,0
352412093,353283601,0
352412093,126303364,7
6058797,6058797,0
6056085,6054462,3
6052466,6052466,0
6052466,297236035,2
6052466,6056085,7
6052466,6052466,0
50752706,6054456,7
50752706,50752706,0
296348849,331914019,0
296348849,331914024,5
6052466,6052466,0
6055608,6055608,0
6057751,296384738,7
6057751,6057751,0
297368625,297368625,0
297368625,297380214,6
333922766,333922766,0
333922766,120478695,7
130802359,382850737,0
130802376,130802376,0
130802376,202992524,7
155011691,130788227,0
155011691,50710195,3
155011691,6056532,7
130788227,130788227,0
50710195,297296749,8
50710195,297296762,1
6056532,6057581,1
6061869,6061869,0
6061869,210099429,7
29961157,29961157,0
29961157,130908179,3
29961157,6056239,7
130908179,130908179,0
130908179,125568114,3
6056239,6056239,0
87036501,87036501,0
333922766,333922766,0
333922766,297444238,3
333922765,347003330,7
333922765,347003329,0
297382770,297444238,3
297382770,297382770,0
321444898,130285122,7
321444898,321444899,0
321444902,321444902,0
321444902,70948801,4
130285122,126303355,0
130285122,70948801,3
200019461,308739814,5
308739814,308739814,0
130788195,200019461,7
130788195,130788192,0
125568108,125568108,0
130908179,130908179,0
125568108,125568108,0
125568108,130908179,7
6056239,6056239,0
6055639,6060995,3
202995100,51373073,3
6060995,6053096,3
6060995,6060995,0
29964830,131076093,0
29964830,6061305,7
6061639,6061456,3
6061639,6061639,0
131076093,131076093,0
131076093,130285144,4
6061305,6061305,0
6061305,6061456,3
131076093,131076093,0
130285144,130285144,0
130285144,278159516,2
131076093,131076086,0
131076093,130285143,8
131076086,131076086,0
131076086,130908178,6
131076086,6061863,8
131076086,131076086,0
131076086,131052330,7
130908178,130908178,0
130908178,130285143,2
6061863,6061461,3
6061863,6061863,0
131076086,131076086,0
131076086,6061051,7
131052330,131052330,0
131052330,6061461,3
131076086,131076086,0
131076086,6256526,7
6061051,6061051,0
131076086,6056757,7
131076086,131076086,0
6256526,6061462,3
6256526,6256526,0
6056757,6056757,0
6056757,6061462,3
131076086,131076086,0
131076086,50503658,8
131076086,47969697,0
130808352,50795345,7
130676655,45837734,1
50795344,50795344,0
50795344,131240406,3
135146241,29961219,7
6058679,131240406,3
6058679,6058679,0
135146241,135146241,0
135146241,6058679,3
29961210,131240406,3
29961210,29961210,0
135146241,135146241,0
6061169,131240406,3
6061169,6061169,0
135146241,135146241,0
135146241,6061169,3
6057917,131240406,3
6057917,6057917,0
131240439,131240439,0
135146241,135146241,0
135146241,6057917,3
135146241,130927079,7
135146241,135146241,0
135146241,135146241,0
6061944,345633934,7
193002132,130908030,7
193002132,193002132,0
50473182,117313634,3
50473182,367694953,0
6055914,6055914,0
130889762,29964857,2
130889762,130889762,0
130889762,6061864,8
6055914,237100956,3
237100956,131052534,0
237100956,203022895,4
232824024,232824024,0
232824024,6060906,3
6716410,6057092,3
6716410,6716410,0
232824024,232824024,0
232824024,6062590,3
6060906,131052539,0
6060906,6057092,3
6060906,27874570,7
232824024,6057457,3
6062590,6062590,0
6062590,27874570,7
6057457,6057457,0
203023776,346876677,0
203023775,24217354,8
203023775,24217341,4
203023775,35600666,0
24217354,346876727,7
24217354,6061538,0
45976795,346876677,0
24217341,346876683,0
35600666,35600666,0
130927085,135146241,7
6055973,6057996,7
6057996,135146241,7
130927012,130927012,0
130927012,321211878,7
334625931,130927032,0
296384738,297268567,3
296384738,297268565,7
296756720,345632497,7
296756720,6056034,0
296756722,296756722,0
296756722,228392613,7
296756718,6062809,7
24237985,24237985,0
24237985,6055095,3
297254936,297254936,0
297254936,297254928,3
6061924,347004690,7
297254936,334551148,0
297254936,334551149,7
297254928,297254928,0
130927017,296794684,0
130889761,130889761,0
130889761,6054895,3
50797097,130889757,7
130908289,130908290,0
130908289,130285140,8
6056057,130889761,3
6056057,50797097,0
6058495,50799230,7
6056057,6056057,0
6056057,6058495,7
6056057,6056057,0
50524889,50799230,7
50524889,50524889,0
6056057,6056057,0
6056057,50524889,7
274292550,119971773,3
274292550,50511181,0
297380211,297380211,0
297380211,345265338,3
274292550,274292550,0
274292550,345265336,3
120478695,120478695,0
120478695,345265333,3
50260020,297382770,0
70948801,70948801,0
70948801,74100353,3
50260020,50260020,0
50260020,70948801,7
130927087,130927087,0
130927087,74100353,3
50260019,50260019,0
50260019,74100353,4
126303354,6061944,8
6060903,345633934,7
6060903,6060903,0
126303354,126303354,0
126303354,126303366,7
130889757,345633934,7
130889757,130889757,0
6056078,6056078,0
6056078,50795344,7
367694949,367694949,0
367694949,361074867,3
6056078,29961219,3
6056078,6056078,0
50795344,50795344,0
6056078,6056078,0
6056078,29961210,7
6058679,274369001,3
6058679,6058679,0
6056078,131240446,3
6056078,6056078,0
29961210,6057639,3
29961210,29961210,0
6056078,131240384,0
6056078,6057902,7
6061169,6061169,0
6061169,210672696,3
131240384,234706403,4
6057902,6057902,0
6057902,210672694,2
131240397,131240384,0
131240397,6057902,3
234706403,234706403,0
131240439,131240439,0
131240439,234706402,7
131240390,130927079,3
131240390,131240390,0
131240390,131240390,0
131240390,6057996,7
130927085,234706405,2
130927085,130927085,0
131240390,29964834,3
6057996,6062038,3
6057996,6057996,0
6061869,6061869,0
6061869,29961157,3
47916242,47916238,1
47916238,346876690,0
296377248,6061292,7
24238023,130908274,0
24238023,6057381,3
6061292,6057381,3
6062809,131052472,3
6062809,131052522,0
6056239,6056239,0
6056239,125568114,7
6056239,6056239,0
125568114,130908179,7
125568114,125568114,0
6056239,6056239,0
6056239,6056239,0
6056239,343234334,7
6056239,6056239,0
343234334,343234334,0
343234334,130908179,7
6056239,6056239,0
6056239,6061128,7
6056239,125568108,7
6056239,6056239,0
6061128,130908179,7
6061128,6061128,0
50502435,50502440,1
6056290,50502432,1
50502432,220099326,1
6056363,130889760,7
6056363,203119341,0
130889756,50797098,3
130889756,130889756,0
130889760,131463018,0
130889760,6056366,7
203119341,50428539,0
203119341,130908289,3
50428539,50428539,0
130772943,130772943,0
50428547,130285156,0
50428547,50431288,4
130285119,130285119,0
130889756,6056363,7
130889756,130889756,0
131463018,6058077,0
131463018,50431292,4
6056366,130285119,0
6056366,130889756,7
333922766,333922766,0
333922766,131052512,7
120478695,120478695,0
120478695,130908059,7
120478696,120478696,0
333922766,26572919,7
333922766,333922766,0
298814317,347003330,7
298814317,298814317,0
29961164,47471725,0
29961164,70948803,3
6056371,70948801,7
6056371,6056371,0
298814311,50799606,3
298814311,298814311,0
130927091,50710189,3
130927091,112601548,1
6057581,308739814,0
6057581,131520206,6
45838762,6062201,3
45838762,45838762,0
117315789,97695773,3
117315789,131520240,0
6056723,117315789,3
50795344,97695773,3
50795344,50795344,0
6056734,6056057,3
6056757,6056757,0
6056757,130889762,7
6061462,203022890,3
6056757,6056757,0
6056757,131052528,3
6056757,6056757,0
6056757,6062982,3
131052528,131052528,0
131052528,6057069,3
6056757,6056757,0
6056757,131240450,3
6062982,203022890,3
6062982,130889763,0
6056757,6056757,0
6056757,6062590,3
131240450,50502378,3
6056757,130889748,3
6062590,50502378,3
130889748,130889748,0
130889748,50502378,3
130714951,130714951,0
6056826,130714951,2
50515734,50515734,0
50515734,6059020,2
50515732,6052713,8
50515732,50515732,0
50515734,29964834,4
6059020,29964834,3
6060846,356370371,3
271115526,50795348,2
6061169,6056078,3
6061169,6061169,0
234706403,131240446,8
234706403,234706403,0
6057902,131240384,3
6057902,6057902,0
234706403,6061169,4
234706403,234706403,0
234706403,131240397,2
234706403,234706403,0
131240439,131240439,0
131240439,234706405,6
234706403,130927079,8
234706403,234706403,0
168145551,130927079,7
234706403,234706403,0
234706403,168145551,2
130927085,130927085,0
130927085,131240403,7
6057996,131240403,7
6057996,6057996,0
234706403,234706403,0
234706403,130927085,4
117315789,117315789,0
6056972,50795344,7
6056972,131240406,0
50795344,6056723,7
50795344,50795344,0
131240406,29961219,3
131240406,131240406,0
131240406,131240406,0
131240406,29961210,7
6058679,97695773,3
6058679,6058679,0
131240406,50519366,3
131240406,131240406,0
29961210,97695773,3
29961210,131052519,0
131240406,131240406,0
131240406,6057917,7
6061169,130927020,3
131240406,6060678,3
131240406,131240406,0
6057917,130927022,3
6057917,130927106,0
6060678,131240439,0
6060678,135146241,3
131240406,130927079,3
131240406,131240406,0
131240406,6057996,7
131240406,131240406,0
130927085,130927085,0
130927085,130788153,3
6057996,130788132,4
131240406,130788132,2
6060851,130927091,1
6056988,6056988,0
6056988,6054322,3
6056988,6056988,0
6057027,6057027,0
6057027,334626741,7
6059537,203022888,3
6059537,203022903,0
6062810,6062810,0
6062810,243345570,7
87036501,87036501,0
87036501,334551147,7
6057052,296237534,3
6057052,87036501,0
121980358,121980358,0
121980358,49085209,3
6057052,6057052,0
296775341,296754250,1
6057078,6057078,0
6057078,6062590,3
131052539,131052539,0
131052539,203022895,4
6057078,6057457,3
6062590,6062590,0
6062590,130285141,8
6057457,29964833,0
6057457,203022895,4
6057084,6057084,0
6057084,6062982,3
131052528,131052528,0
131052528,6256526,7
6057084,130285141,2
6062982,6062982,0
6062982,6256526,7
50473176,50473176,0
130908030,130908030,0
130908030,193002132,3
130908030,130908030,0
130908030,265978220,7
193002132,6058982,3
193002132,193002132,0
131052330,131052330,0
131052330,130889762,7
6061461,6061051,7
131052330,131052534,3
130889762,130889762,0
130889762,130285141,4
131052534,6057084,7
131052534,131052528,0
6057092,203022895,2
6716410,6062982,0
6716410,203022895,4
131052539,6057078,7
131052539,131052539,0
6057092,6057092,0
6057092,6716410,7
27874570,6062590,3
27874570,27874570,0
131520273,6061869,7
131520273,131520273,0
6059017,6059017,0
6059017,6062650,7
323489837,346876727,0
323489837,6061538,3
6059970,296384738,0
6059970,35600666,7
51857282,346876729,0
26605624,346876746,3
26605624,346876744,1
130788132,6053545,1
130285133,6056363,1
130285133,130889756,3
296338555,50511187,7
296338555,296345143,0
50511184,50511185,0
297296751,202992522,0
297296751,202992519,3
6057192,202992520,2
297380211,297380211,0
297380211,202992520,4
202992522,345265328,7
202992522,202992522,0
202992519,47916246,0
202992519,202992520,3
202992524,252140542,7
29961183,29961183,0
29961183,297382769,7
292148139,202992520,6
292148140,292148140,0
292148140,296355738,7
50799230,50799230,0
50799230,50524889,3
126303355,347003228,0
126303355,347003227,3
70948801,352412076,3
70948801,70948801,0
70948801,108060074,8
347003228,347003229,0
347003228,203119342,3
347003227,49999716,4
347003227,47920785,3
347003227,347003226,0
345633934,345633934,0
6060903,6060903,0
6060903,49999717,3
345633934,345633934,0
345633934,130889761,7
130889757,130889757,0
130889757,354436361,3
345633934,345633934,0
345633934,130908290,3
130889761,130889761,0
130889761,6056069,7
130889761,130285140,4
367694949,117315789,0
6057257,6057257,0
6057257,50795344,7
6057257,29961219,3
6057257,6057257,0
50795344,131240403,7
50795344,50795344,0
6057257,131520066,0
6057257,29961210,7
6058679,6058679,0
131520066,131240446,3
131520066,131520066,0
29961210,29961210,0
29961210,274369006,7
6061169,131240403,7
6061169,6061169,0
131520066,131520066,0
131520066,6060767,7
131520066,131520066,0
131520066,6057902,7
6060767,131240403,7
131520066,131240439,3
131520066,131520066,0
6057902,131240403,7
131240439,131240439,0
131520066,130927079,3
234706407,6055521,7
234706407,234706407,0
6057996,6057996,0
6057996,234706405,2
367694949,6053391,5
367694949,367694949,0
50795344,29961684,3
50795344,50795344,0
6057310,29964829,3
6057310,367694949,6
6057312,29964831,3
229105895,29964831,2
229105896,50519365,4
229105896,229105896,0
6061169,50519365,3
6061169,6061169,0
6057902,50519365,3
6057902,6057902,0
229105896,229105896,0
229105896,6061169,2
229105896,229105896,0
131240439,367694955,7
131240439,6062590,1
97695773,130927020,0
6057338,130927101,4
6057338,130927102,8
130927101,130927020,7
130927102,131520118,3
130927102,130927102,0
135149423,130927064,7
130927064,130927101,8
130927064,130927102,4
130927107,131520118,3
130927107,130927107,0
130927064,130927064,0
29961210,131240403,7
29961210,29961210,0
6057346,131240446,3
6057381,35600668,3
131052333,131052335,0
131052333,203023774,7
347004690,347004690,0
203023774,296237525,0
6057407,237100953,7
6061639,6716410,3
6061639,6061639,0
237100953,237100955,8
237100953,237100953,0
237100956,237100956,0
237100956,335099039,7
237100955,237100955,0
237100955,237100953,2
131052528,6056757,7
131052528,131052528,0
6256526,6062982,3
6256526,6256526,0
131052528,131052528,0
131052528,130889741,7
203022890,203022890,0
203022890,385163475,3
6057417,6057417,0
6057417,50431292,7
130772943,130772943,0
130772943,296971737,3
130908289,6054895,7
130908289,130908289,0
50797098,130889761,3
50797098,50797098,0
352412106,352412110,0
352412106,50429928,2
130908290,130908290,0
130908290,323742930,7
130802362,130802362,0
130802362,130889759,3
6061305,131076093,3
6061305,6061305,0
6057450,6061639,3
6061639,29964830,3
6061639,6061639,0
6254095,6054631,7
6254095,6057457,0
6057457,6057457,0
6057457,6057457,0
6057457,6057457,0
130889748,203009033,0
50502378,50502378,0
6060851,6060851,0
347003330,347003330,0
347003330,298814317,3
70948801,131076063,7
70948801,70948801,0
347003330,347003328,0
347003330,347003327,3
298814317,131076063,7
298814317,130889749,0
296352768,296352766,8
296352769,296352769,0
296352769,296352766,7
50797098,130285153,7
130889756,6054895,7
130889756,130889757,0
130889761,130889760,0
130889761,203119341,3
50797098,50797098,0
50797098,130889756,7
50524889,50524889,0
50524889,6054895,7
50797098,50797098,0
50797098,272966126,3
308739814,308739814,0
131520206,131520206,0
131520206,130788155,3
308739814,308739814,0
308739814,130788195,6
308739814,308739814,0
308739814,298683998,7
130788207,6061083,3
130788207,130788207,0
352831076,6061083,3
352831076,352831076,0
48018661,48018661,1
48018661,48018660,3
6061232,50519365,3
6061232,6061232,0
6057639,131240446,3
29961210,131520066,3
29961210,29961210,0
296384738,296384738,0
296384738,296756720,3
6057751,126303368,0
6057751,345632497,7
126303368,126303368,0
131052420,49085256,3
40338934,87036501,3
340689794,296237534,7
130802379,379782126,0
130802379,379782120,3
6057812,131076097,3
297444238,131076063,3
297444238,297444238,0
6057813,297380211,3
297380211,274292550,3
297380211,297380211,0
367694955,367694955,0
367694955,6062590,3
6057902,6057902,0
6057902,6059017,3
6060906,6060906,0
6060906,6061639,7
6057902,6057902,0
6057902,229105896,8
6059017,229105896,6
130927022,6060678,3
130927022,130927022,0
130927106,6058721,3
130927106,130927106,0
6058721,6058721,0
130927106,130927107,0
130927106,130927064,6
131520118,366731347,4
131520118,6052985,1
130927107,130788136,4
130788136,366731347,4
130788136,130788132,0
6672155,6672155,0
130715044,6056826,6
130715044,50515734,2
130715044,50515732,0
6062713,130714951,0
6062038,29964834,3
6057996,234706407,3
6057996,6057996,0
6057996,6057996,0
203119343,50429923,2
203119343,352412106,0
130889761,130889761,0
130889761,354436361,7
130802362,130802360,0
130889759,130889759,0
130889759,323742930,3
6062810,202975562,0
6062810,130908084,3
6058108,6058108,0
6058108,334554804,7
6061462,6056757,7
6061462,6061462,0
6256526,6256526,0
6256526,130889762,7
6256526,131052528,3
6256526,6256526,0
6061891,6059870,3
6061891,6061891,0
6062982,6056757,7
6062982,6062982,0
6256526,6256526,0
6256526,131052542,3
6256526,131240400,0
6256526,6062590,3
131052542,6056757,7
131052542,131240450,0
131240400,130285141,2
6062590,6056757,7
6062590,6062590,0
50473187,50507958,0
50473187,219593344,3
6062974,6062974,0
6062974,6055174,3
50507958,6051497,8
50507958,50507958,0
50507958,193002132,3
6051762,6061254,1
29961183,29961183,0
6062876,252140542,8
6062876,6062876,0
6062201,131520206,7
6062201,130788155,0
45838762,29961183,0
45838762,6062876,3
47916248,47916248,0
47916249,6057581,3
47916249,45838762,0
297401519,297401519,0
297401519,236002215,7
343234334,343234334,0
343234334,343234334,0
130908179,130908179,0
6061232,130927007,7
6061232,130927085,0
6058296,6056239,7
130908179,130908179,0
130908179,297401523,3
354079210,347003228,7
354079210,347003227,0
354079209,354079209,0
354079209,298814315,6
49999716,49999716,0
47920785,50429906,2
47920785,352412073,0
347003226,347003226,0
347003226,108060074,7
353283535,200019461,0
353283535,130788204,7
347003226,352831076,0
347003226,48018661,8
6061083,6061083,0
6061083,130788207,7
352831076,352831076,0
352831076,352831076,0
352831076,296090800,7
297401521,48018642,4
352831076,130908179,3
352831076,130889750,0
130908179,130908179,0
130908179,130788207,7
130889750,50008485,0
367694955,367694955,0
367694955,6060600,7
6058672,6058672,0
6058672,6059017,3
6061456,6061456,0
6061456,6061639,7
6058672,50519365,3
6058672,6058672,0
6059017,6060600,7
6059017,6059017,0
97695773,97695773,0
97695773,131052519,7
6058679,131520118,3
6058679,6058679,0
131520118,131520118,0
131520118,131052519,7
6058679,6058679,0
6058679,131052414,3
6058679,112601555,3
131052414,131052519,7
131052414,131052414,0
112601555,112601555,0
6060678,135149473,7
6060678,6060678,0
353283535,353283535,0
353283535,215307084,3
6058840,6054323,1
296755159,296794684,0
130908178,130908178,0
130908178,130285144,6
130285143,130285143,0
130285143,51369530,1
130908178,29964857,0
130908178,130889762,8
130908178,6061864,6
130285144,6061864,8
130285144,130285144,0
29964857,29964857,0
29964857,169669979,4
130889762,6061305,3
130889762,130889762,0
6061864,6061864,0
29964857,237100956,4
29964857,237100955,0
169669979,6055914,7
237100955,237100955,0
237100955,6716410,4
237100953,237100953,0
237100953,6716410,3
237100955,237100955,0
237100955,6060906,4
6716410,237100953,7
6716410,6716410,0
237100955,237100955,0
6060906,6060906,0
6060906,237100953,7
237100955,237100955,0
237100955,6062590,4
237100955,6054631,1
237100955,6057457,3
6062590,237100953,7
6062590,6062590,0
6058982,6058982,0
193002132,193002132,0
193002132,6051509,3
6058982,6058982,0
6058982,193002132,8
50507957,50507956,0
50507956,6057087,1
50507956,117313634,3
6061966,6061966,0
6061966,50795342,3
6059017,6059017,0
6059017,372538673,3
6059017,6053871,3
6059017,6055144,7
6059017,6059017,0
6062650,6062650,0
6062650,50519392,3
6060600,50519365,3
6060600,6060600,0
6059017,6055403,7
6059017,6059017,0
6061169,229105896,8
6061169,6061169,0
6059017,6057902,7
6059017,6059017,0
49887645,321477132,0
50524890,321477125,3
50524890,50524890,0
292148140,292148140,0
296355738,296355738,0
292148140,292148140,0
292148140,297296762,2
292148140,131052515,0
292148140,50511237,6
297296762,50511359,4
297296762,50710197,0
131052508,131520273,0
131052508,50511365,7
131052508,50511364,3
155011689,47916247,1
131520273,131520273,0
50511365,125568114,7
50511365,50511365,0
50511364,6054083,3
50511364,50511363,7
6061869,125568114,7
6061869,6061869,0
131520273,131520273,0
131520273,6056239,7
297401856,297401856,0
345633937,345709541,13
6059711,6054046,7
6059711,6059711,0
131462989,6062706,3
131462989,131462989,0
6062706,334626741,7
6062706,334626740,0
131462989,117422848,3
117422848,334626741,7
117422848,117422853,0
50502378,50502378,0
203022890,131052528,7
203022890,203022890,0
130889763,50502442,7
130889763,130889763,0
203022890,203022890,0
385163475,6051437,3
385163475,385163475,0
203022890,131076086,7
203022890,130808352,0
56226936,56226936,0
56226936,6056724,7
6059711,56226937,7
130889757,126303354,3
130889757,130889757,0
297212177,345632497,6
50513891,50513891,0
118656669,203023777,3
6061891,6061891,0
6061891,194540228,7
130788132,130788132,0
6059954,131052494,7
6059954,6061052,1
130908081,130927017,0
296794684,296755162,0
296794684,296755159,0
296755162,202975562,7
296755162,130908084,0
296755159,6058840,3
296755159,296755159,0
202975562,202975562,0
130908084,130908084,0
130908084,40338934,3
130908084,340689794,0
6062206,6062206,0
6062206,131520219,3
6062531,6054345,1
6060076,6062531,1
6061085,6061085,0
6061085,50228568,3
6060414,352831076,3
50710193,50710193,0
50710193,6061087,1
6060493,50519366,3
131052519,131052519,0
367694955,367694955,0
367694955,6055407,7
367694955,6057407,3
6060600,6060600,0
6060600,6059017,3
97695773,50519366,3
97695773,97695773,0
131052519,131520118,3
131052519,131052519,0
131520118,50519366,3
131520118,131520118,0
131052519,6060493,3
131052519,131052519,0
131052519,131052519,0
131052519,131052414,3
131052519,112601555,3
131052414,112601555,2
112601555,112601555,0
130927091,130927091,0
294891243,294891243,0
294891243,50795344,7
294891243,294891243,0
294891243,6053744,3
50795344,6061655,3
50795344,50795344,0
112601555,112601555,0
131520118,131520118,0
131520118,50795344,7
367694955,6254095,3
6062590,237100955,6
6062590,6062590,0
6060678,135149491,7
6060678,6060678,0
130927022,130927022,0
50511185,308745784,0
308745784,308745784,0
50511176,6061087,7
50511176,50511176,0
6061869,6061869,0
50511362,50511362,0
50511362,50511362,0
6062701,6062701,0
6062701,296116122,7
29964828,367694955,0
29964828,6061966,7
6060846,6060846,0
6060846,271115526,2
130927091,130927091,0
130927091,6054329,7
130927091,130927091,0
50710189,6061954,7
112601548,227693466,7
121980352,108060074,7
121980352,121980352,0
354202945,352411913,0
354202945,50429913,2
353283535,203119345,3
353283535,353283535,0
6060906,237100955,6
6060906,6060906,0
6061639,237100955,8
6060906,232824024,7
6060906,6060906,0
237100953,237100953,0
237100953,6062590,3
346876730,6052748,2
346876730,6057163,0
137733536,45976795,4
137733536,24217341,0
137733536,35600666,7
6060937,323489837,1
6060937,6059970,7
296355738,155011691,3
47916246,297296749,1
47916246,297296762,2
297296749,297296770,6
297296749,297296749,0
297296762,292148140,7
297296762,297296762,0
47916247,130788227,3
125568114,47916247,3
50511365,130788227,3
50511365,50511365,0
125568114,125568114,0
125568114,50511365,3
6061869,6061869,0
130908179,131520273,7
130908179,297401856,0
125568114,125568114,0
125568114,6061869,3
6061051,130889762,7
6061051,6061051,0
6062590,6057078,7
6062590,6062590,0
27874570,6057457,3
297401522,297401522,0
297401522,130802361,3
6061083,297400412,0
6061083,236001976,3
6061083,125568108,3
6061083,6061083,0
130788207,297401521,7
130788207,130788207,0
50710193,50710193,0
50710193,50511176,3
6061087,6061087,0
6061087,50511176,3
252140542,252140542,0
252140542,321444901,6
6062876,50799689,0
6062876,6057221,2
131520206,252140542,0
131520206,6062876,3
297401522,308739814,4
297401522,131520206,0
130802361,6052882,0
6061128,297401522,0
6061128,6061083,7
236002212,236002212,0
236002212,236002214,0
362549678,125568108,7
6061128,6061128,0
6061128,236002212,7
6061128,362549678,3
297401521,125568108,7
297401521,297401521,0
130908179,130908179,0
130908179,6054250,3
6061128,6061128,0
6061128,298169245,3
367694955,367694955,0
367694955,6057902,7
367694955,6060906,3
6061169,6061169,0
6061169,6059017,3
6716410,6716410,0
6716410,6061639,7
130927020,130927022,0
130927020,130927106,7
131520118,131520118,0
130927102,130788136,3
130788136,130788136,0
50710193,50710193,0
6061232,6061232,0
130714951,229105896,2
130714951,50515738,7
6062030,6057996,7
130927085,130927085,0
130927085,135149497,3
320597951,320597951,0
130927085,6052473,5
130927085,130788132,3
130788153,130788132,2
50503631,121980282,0
121980282,121980280,0
50505155,50505155,0
50505155,49085295,1
121980358,121980358,0
121980358,296227814,1
121980358,40343528,3
121980358,334548419,0
296227814,40343528,1
6276736,50501877,2
6061305,6061305,0
6061305,130889762,7
6061456,6061864,3
6061305,6061305,0
6061305,156702697,7
130889762,130889762,0
130889762,6059873,3
237100953,6060906,3
237100953,237100953,0
6716410,6716410,0
237100953,6057457,3
6062590,232824024,7
6062590,6062590,0
6061386,6061386,0
6061386,130908179,3
297401519,297401519,0
297401519,352698517,3
6061386,6056239,7
130908179,29961157,7
130908179,130908179,0
321444902,354079210,4
321444902,354079209,0
70948801,126303355,7
70948801,70948801,0
70948801,70948801,0
108060074,50429907,7
108060074,108060074,0
200019461,200019461,0
200019461,130788192,3
130788204,308739814,8
130788204,130788207,0
297401521,297401521,0
297401521,352831076,3
130788207,130908179,3
130788207,130788207,0
130908179,125568108,3
130908179,130908179,0
130788207,6056239,7
6061456,6061305,7
6061456,6061456,0
6061639,6061639,0
6061639,130889762,7
6061864,6061864,0
6061864,130285144,2
131240442,131240442,0
131240442,131240428,7
56226936,56226936,0
56226936,6674712,7
6061461,131052330,7
6061461,6061461,0
6061863,130285143,2
347004689,126303368,3
347004689,345632497,0
6062809,50513891,3
345632497,345632497,0
345632497,6051560,4
6061639,6057407,3
6061639,6061639,0
130889762,367694955,3
130889762,6060600,1
6716410,237100955,6
6716410,6716410,0
6061639,6060906,3
6061639,6061639,0
6061954,112601555,4
6061655,112601555,2
50795344,112601555,4
112601555,29961219,3
112601555,112601555,0
48018642,6063021,2
97695773,97695773,0
97695773,50795344,7
131520240,131520118,3
97695773,29961219,3
97695773,97695773,0
50795344,131520118,3
50795344,50795344,0
347004690,6053281,2
347004690,347004691,3
48018642,48018642,0
6063021,130908179,0
6063021,130889750,7
353283535,353283535,0
353283535,126303361,7
298832235,298832235,0
298832235,267677425,3
112601555,112601555,0
131520118,131520118,0
131520118,6060632,7
119972288,130788221,8
112601555,112601555,0
354202762,352412100,0
354202762,50429926,2
130889758,130889758,0
130889758,323742930,7
50226552,50226552,0
50226552,296360431,7
296355738,296355738,0
296355738,296360430,7
6062590,131240400,7
6062590,6062590,0
130285141,130285141,0
131520118,131520118,0
50795344,294891243,3
50795344,50795344,0
131463021,56226937,7
56226936,56226936,0
56226936,6058376,7
231628320,6672155,2
130714951,6061232,3
130714951,130714951,0
40343528,40343528,0
202975562,51373073,7
50710193,50710193,0
45839048,131052515,3
45839048,50511237,0
6063420,131052508,3
6063420,155011689,0
6062978,6062978,0
6062978,130908303,3
6062971,6055099,1
50519361,6053426,0
50519361,50519360,0
6053426,6057996,3
6053426,50519363,7
50519360,130714932,6
50519360,50519360,0
50505144,50505144,0
121980246,121980246,0
6052388,6052644,0
130802360,353283535,0
130802360,353283534,2
121980337,6053281,1
6053453,296790099,1
6053453,296790098,1
24238023,296377248,3
24238023,24238023,0
49085146,346876674,0
345633937,345633937,0
121980239,121980245,0
121980239,24223005,1
49085254,277075442,1
347004689,347004689,0
130285156,130285156,0
50797098,50797098,0
50797098,229809166,7
6063274,130889684,7
6063274,130889755,0
50431293,6058077,6
50431293,50431292,0
44076676,6061538,2
24238043,296376928,1
346876669,203023777,0
26605693,346876702,0
296384738,296384738,0
296384738,6051771,3
296384738,296384738,0
346876683,117251331,0
26765052,35600666,3
35600666,296384738,3
35600666,35600666,0
49081362,50432623,0
298832235,298832235,0
50795345,50795345,0
50795345,367147288,7
296237532,296237525,0
121980261,131448538,0
39465798,39465798,0
6059974,51373130,7
130927030,130927030,0
130927030,202995098,8
130927030,296860853,3
346876694,296790602,0
131448538,51857281,1
131448538,137733539,0
379685264,379685264,1
56226936,39465798,1
48018635,48018642,3
48018643,48018642,0
48018642,48018642,0
50009632,48018643,2
48018659,48018661,1
6061083,6061083,0
6061083,352831076,7
48018661,48018661,1
48018660,48018659,0
48018660,6061083,0
274368979,333922766,7
296374856,50710197,3
121980361,6057052,2
49085209,121980358,6
49085209,49085209,1
277075441,49085256,7
49085256,347004689,3
6053281,296237532,3
6053281,6051526,0
50428539,50428539,0
50428539,345633935,7
130908289,130908289,0
130908289,50797098,3
130908291,130908291,0
323742888,323742888,0
323742888,108402216,3
6059311,6059311,0
6058797,353283535,4
50799689,321444902,0
6057221,130285122,0
6057221,321444899,3
50008485,130927026,11
321477125,130908291,3
321477125,321477125,0
50202335,6057626,0
118727311,118727311,0
6063225,118727167,7
118727311,50202337,1
118727311,6061530,0
50202337,6053093,1
6061530,118727167,0
6063225,118727311,3
6063225,6063225,0
118727167,118727167,0
26629761,118727311,1
50202341,6063225,1
6056455,130927091,7
50228155,50710190,3
50228155,50228155,1
6060623,130927091,7
50228155,6056455,3
50228155,50228155,1
6061085,354204820,0
6061085,296374855,3
50228568,130772891,1
50228568,50228568,1
50710193,50710193,0
126303354,126303354,0
126303354,130889757,7
347003327,347003229,7
347003327,203119342,0
6062732,130802372,3
50515742,50279568,1
50515742,6055034,8
50279566,50515741,1
50279566,50279566,0
50279566,50279568,2
6057310,6057310,0
50279568,296246873,8
6055034,6055034,0
6055034,331911998,0
45837734,67100190,7
45837734,45837734,0
6054462,130927009,0
6054462,130802363,3
50515741,50279912,7
50515741,50515741,0
50279912,130927009,7
50279912,130802363,1
50515741,50279914,1
50515741,50515741,0
132577565,132577565,0
118727368,118727311,0
118727368,6063225,7
50427082,323491393,2
323491393,6054461,2
118727368,118727368,0
118727368,50427082,3
118727167,6052202,7
118727167,118727167,0
6052202,118727368,7
6052202,50427082,1
118727167,118727167,0
118727167,131240437,7
50428539,50428547,3
50429905,108060074,8
352412039,49999716,2
352412039,47920785,0
352412039,347003226,7
108060074,126303361,3
108060074,108060074,0
50429906,49999716,8
352412073,352412076,0
49999716,50429908,8
49999716,49999716,0
50429907,352412076,7
108060074,347003226,3
108060074,108060074,0
352412076,352412076,0
50429908,352412076,2
49999716,352412076,2
49999716,70948801,8
49999716,108060074,0
352412076,352412076,0
352412076,70948801,7
352412076,108060074,6
50429909,49999718,7
352412083,50429910,3
352412083,352412083,0
49999718,49999718,0
49999718,50429910,3
50429910,49999718,7
50429910,50429910,1
352412083,298815729,0
352412083,126303361,7
49999718,298815729,2
49999718,126303361,8
50429910,347003229,3
347003229,345633934,0
347003229,131448559,3
352411913,130908283,7
352411913,352412093,0
50429913,108060074,8
108060074,215307084,7
108060074,108060074,0
49999717,130908282,4
49999717,298832254,6
50429914,50429914,1
50429914,49999717,7
50429916,50429915,1
50429916,108060074,7
298832254,121980352,3
298832254,354202945,0
108060074,108060074,0
108060074,121980352,3
6060903,121980352,0
6060903,354202945,7
49999717,50429914,3
49999717,49999717,0
108060074,108060074,0
121980352,353283535,3
203119345,130908282,0
203119345,298832254,3
108060074,50429915,3
108060074,108060074,0
6061945,6061945,0
6061945,298832240,0
108060074,6061945,6
108060074,108060074,0
50429917,352411913,5
50429917,50429913,6
49999717,6060903,7
49999717,49999717,0
50429918,352412100,6
354436361,130889757,7
354436361,354436361,0
352412100,352412100,0
352412094,354202762,0
352412094,130889758,3
50429919,354436361,8
354436361,50429921,8
354436361,354436361,0
50429920,353283601,2
323742930,130889758,3
323742930,323742930,0
353283601,352412094,0
50429921,353283601,6
354436361,323742932,3
353283601,353283601,0
50429922,352412106,2
323742930,130908290,3
323742930,323742930,0
352412106,352412106,0
352412106,130908290,3
50429923,323742930,8
352412106,352412106,0
323742930,50429922,8
323742930,323742930,0
352412101,203119343,0
352412101,130889761,7
50429924,354436361,8
354436361,50429918,8
354436361,354436361,0
50429925,352412100,2
323742930,130889759,7
323742930,323742930,0
352412100,352412101,0
352412100,352412100,0
50429926,323742930,8
323742930,50429925,8
323742930,323742930,0
50429927,352412110,6
354436361,130908290,7
354436361,354436361,0
352412110,130908291,7
352412110,352412110,0
50429928,323742888,8
323742888,323742888,0
323742888,282783218,7
50429929,352412106,6
354436361,130889761,3
354436361,354436361,0
352412106,352412106,0
130889757,354202762,7
130889757,130889758,0
354436361,354436361,0
130889758,130802360,3
323742930,323742930,0
130908290,352412106,7
130908290,130908290,0
354436361,50429929,8
354436361,354436361,0
130889761,345633934,3
130889761,130889761,0
354436361,354436361,0
323742888,130908291,7
323742888,323742888,0
282783218,321477125,7
130908290,130802362,3
323742930,323742888,0
130889759,203119343,3
130889759,130889761,0
323742930,323742930,0
50018069,321477125,8
323742888,323742888,0
323742888,50524890,3
321477125,321477125,0
50524890,323742888,7
50524890,50524890,0
323742888,6059311,11
50524890,130802362,3
50431287,50524889,2
50431287,50431287,1
50524889,50524889,0
50524889,50797098,3
50431287,130285156,2
130285156,130285156,0
130285156,50797098,3
130285156,130285156,0
50431288,130772943,1
130772943,130772943,0
130772943,6052475,2
50431292,50428539,8
50431292,50431292,0
50431292,6057417,3
50431292,50431292,0
296971737,130772943,6
296971737,296971737,0
6057417,6056366,3
6057417,130908289,0
50431292,345633935,6
50431292,50431292,0
50428539,50428539,0
50428539,130772943,6
50431292,50431292,0
50431292,331158709,3
346876677,24238043,0
50470683,39465798,3
50470683,50470683,1
379685264,6054046,3
379685264,50473193,1
379685264,58681088,1
39465798,39465798,0
39465798,6059974,7
50470683,51373130,7
56226936,379685264,3
56226936,56226936,0
6056724,56226937,7
296248386,296272891,4
296248386,296248386,0
296789353,50506190,1
50473179,296789353,1
296248389,121980334,4
296248389,296248389,0
121980250,296248389,3
121980250,296258451,0
50473181,296248389,1
296248389,50473178,1
296248389,296248386,0
130285125,50513894,1
50473188,296248389,0
50473188,6058063,2
131052339,292475691,3
58681089,6054217,7
58681089,58681089,0
6058151,50473187,0
6058151,6062974,5
6058574,131052339,0
6058574,58681089,7
130285147,50464889,0
130285147,6063316,8
355230036,363153498,3
355230036,363153492,0
6054321,6054321,0
50470683,50470683,1
6054046,6054046,0
6054046,6059711,3
50473193,131462989,3
50473193,50473194,1
58681088,131462989,3
58681088,58681088,0
58681088,130908079,7
131462989,6059711,3
131462989,131462989,0
50473194,130285147,1
130285147,6054217,3
130285147,130285147,0
6054217,6054217,0
6054217,130285147,7
58681089,355230036,0
130285147,6058151,3
130285147,6058574,7
130285147,130285147,0
131462989,131462989,0
131462989,50473194,7
58681088,130285147,0
130908079,363153498,0
130908079,363153492,7
363153492,6054321,3
363153492,50470683,1
296248389,50473179,1
296248389,296248389,0
6058063,6058063,0
6058063,296790100,2
56226936,131052528,7
382529648,203009037,7
131240449,131240449,0
131240449,6055158,3
131240449,6062745,8
130764285,56226936,0
130764285,382529648,7
130764285,131240449,3
130764285,130764285,0
131052528,334500091,7
371431396,50502378,7
50502440,50502439,1
6062518,385163475,0
6062518,385163479,2
50503658,130889741,0
130889741,131052528,3
130889741,130889741,0
50505142,50505142,1
121980280,50505155,1
50506190,50505144,1
6058576,297254928,0
50507958,50507958,0
117313634,6057087,7
117313634,117313634,0
50507961,50507956,0
130908172,50507958,7
6058982,50507958,5
6058982,219593344,7
130927009,132577565,0
130802363,6052466,8
130802363,297236035,1
50513886,50513886,0
50513886,274354598,3
297285721,297285721,0
297285721,50513892,0
297237153,297237151,0
297237153,297237152,7
50511273,6057544,7
50511273,130908302,0
50511187,50511187,0
50511187,296345143,3
130772958,50511185,1
6056046,50511182,8
6056046,50511183,1
6056046,130599643,0
50511182,286298162,3
50511182,50511182,0
50511183,50511183,1
50511183,296360388,2
130599643,286298162,2
130599643,130599643,0
50511183,286298162,2
50511197,296324854,4
50511197,296789249,0
296788578,121980242,1
6062969,6062969,0
50511362,6061869,7
50511362,50511362,0
6061087,6062969,7
6061087,6061087,0
50511176,50511176,0
50511176,6059268,7
6061087,6054083,7
6061087,50511363,3
6062969,6062969,0
6062969,6061087,3
50279914,6054462,7
50515741,6055034,6
50515741,50515741,0
132577682,6054462,1
6063014,6063014,0
50519365,50519365,0
50519365,50519361,7
50519365,50515732,7
50519365,50519365,0
50519365,6061911,7
50519361,50519361,0
50515732,6057996,0
50515732,50519363,0
345633937,345633937,13
50710184,362659444,0
362659444,362659444,0
362659445,322578798,6
362659444,362659444,0
362659444,124466325,3
112601556,82331267,6
130788175,6053351,8
130788175,130788175,0
82331267,130788138,0
82331267,50710311,8
50710190,50710189,0
50228155,362659444,2
50228155,362659445,1
131052515,131052508,0
131052515,155011689,7
50511237,297296770,0
50511237,297296749,3
297296770,130788227,3
297296770,50710195,0
297296770,6056532,1
297296749,47916247,7
50511359,119971772,0
50511359,6063421,3
50710197,50710197,0
50511176,50710193,7
50511176,50511176,0
288581933,288581933,0
288581933,6061085,2
288581933,288581932,0
6061085,6061085,0
6061085,131520219,7
288581934,50710193,6
288581932,288581932,0
288581932,296374854,1
50228568,50228568,1
130788138,130927012,0
50710311,50710311,0
50710311,321211877,3
6062206,6055518,3
6062206,6062206,0
6061879,6061879,0
6061879,50752706,7
130772891,130772891,0
130772891,6057191,3
6061879,130927091,7
50752706,6063068,3
50752706,50752706,0
130772891,50511187,7
130772891,130772891,0
6057191,6057191,0
6057191,274368972,7
50511187,45837735,1
130772891,130772891,0
130772891,6057479,7
130772891,6054897,3
130772891,130772891,0
6057479,6057479,0
6057479,50752706,7
6054897,6053098,1
6054897,6054897,0
130772891,50752706,0
130772891,296348849,4
130772891,6052466,0
6054456,6054897,1
6054456,130772891,7
50752706,6057479,3
50752706,50752706,0
6057479,6060851,7
50752706,45837735,3
50752706,50752706,0
50752706,50752706,0
50752706,361412171,3
50752706,6061879,3
50752706,50752706,0
6057191,130772891,7
6057191,6057191,0
354204820,354204820,0
296374855,130772891,0
354204820,6060623,1
354204820,50228155,7
50752706,50228155,1
50752706,50753931,0
6063068,6063068,0
6063068,50752706,7
130772891,130772891,0
50228155,6060623,3
50228155,50228155,1
50753931,354204820,3
112601556,112601556,0
112601556,130788175,2
119972289,112601556,1
119972289,130788175,0
322578798,322578798,0
130788224,112601556,6
120478418,120478418,0
120478418,6062397,6
6063274,6063274,0
6063274,50431293,8
6061966,131052479,0
50795342,130285130,0
50795342,50519392,2
130285130,130285130,0
130285130,130808338,6
50519392,6062650,7
50519392,50519392,0
130285130,6062650,8
130285130,130285130,0
130808338,130285127,8
50795348,50795348,0
50795348,6061966,7
50795348,50795342,1
130285127,131052479,3
50795349,50795349,0
50795349,367694954,7
321477132,6059311,11
321477125,321477125,0
321477125,50524890,7
48018643,48018635,3
48018643,48018643,0
48018648,130772931,11
48018648,48018646,1
130772956,48018648,0
130772956,130772954,0
130772933,48018648,1
296591633,47916244,0
296591633,120478694,3
203023777,51373071,0
297204277,346876702,0
6051437,131052528,3
385163475,385163475,0
385163475,6056757,3
385163475,130889762,0
131052528,131052528,0
6057069,385163475,3
6054886,131076097,8
6054886,131076063,0
6061387,297382769,3
6061387,6061387,0
297444238,6057812,7
297444238,297444238,0
297382770,29961183,3
297382770,297382769,0
203022895,131052534,6
203022895,203022895,0
130285143,130889762,6
130285143,130285141,0
130285143,130285143,0
51369530,130889762,8
51369530,130285144,7
130889762,6055914,3
130889762,130889762,0
130285144,130908178,4
130285144,130285144,0
117313634,50501877,8
117313634,117313634,0
130285152,50501877,6
6061864,131076093,8
130285144,131076093,6
130285144,130285144,0
50501877,50501877,0
50501877,117313634,2
131076086,131076086,0
130285143,130908178,8
130285143,130285143,0
29964833,130889748,0
6062982,6057084,7
6062982,6062982,0
130285141,130285141,0
6052529,6052529,0
6052529,130285144,6
130889762,130889762,0
130889762,130285144,8
130285141,131052534,2
130285141,130285141,0
131052534,131052534,0
130285141,6062982,2
130285141,130285141,0
130285141,6062590,2
130285141,130285141,0
131052542,6256526,7
131052542,131052542,0
130285144,6052529,4
130285144,130285144,0
278159516,278159516,0
278159516,6276737,7
278159516,6061305,3
367694951,117313634,0
367694951,130285152,3
6052529,278159516,8
6052529,6276737,0
6052529,6061305,0
130285144,51376969,1
130285144,51376970,1
131052534,131052534,0
131052534,130285141,8
203022895,130889762,2
203022895,130285144,0
6062982,6062982,0
6062982,130285141,8
203022895,203022895,0
29964833,29964833,0
203022895,131052539,6
203022895,203022895,0
131052539,130285141,8
131052539,131052542,0
203022895,6062982,6
203022895,203022895,0
51376969,51376969,1
51376970,6276737,8
51376970,51376970,1
130285141,29964833,2
130285141,130285141,0
130285141,131052542,2
51373066,296606844,1
6052271,346876757,0
121980262,346876689,0
121980262,121980262,0
51373071,51373066,1
51373071,346876672,0
379782126,40338934,0
379782126,340689794,7
51373072,130908084,5
40343528,40343528,0
40343528,379782126,3
379782120,51373073,1
202973325,40343528,1
202973325,202975562,7
51373130,51373130,0
51373130,51373130,0
202995096,296862214,7
202995096,51373130,0
130927031,6056027,7
130927031,202973325,0
130927099,130927032,7
130927032,202995096,0
51373130,51373130,0
51373130,51373130,0
51373130,51373130,0
296862214,130927030,7
51373130,51373130,0
202995096,202995096,0
51373073,334625931,0
56226936,131463021,7
56226936,56226936,0
117422853,56226937,7
203022888,334500091,7
56226936,6057027,7
56226936,56226936,0
334500091,334500091,0
6057027,56226937,7
56226936,56226936,0
56226936,6054237,7
56226937,334500091,0
379685264,379685264,1
379685264,56226936,7
56226937,56226937,0
51373130,56226937,1
334500091,203009037,0
334500091,131240442,7
56226936,203022888,7
56226936,56226936,0
6674712,334500091,7
203009037,6060908,7
6060908,131240449,0
6060908,130764285,7
56226937,56226937,0
56226937,56226937,0
56226937,56226937,0
56226937,56226937,0
56226937,56226937,0
131240442,131240442,0
131240442,56226936,7
130764285,130764285,0
296754250,6062869,1
121980358,121980358,0
49085209,296754250,1
51376969,117313634,7
51376969,130285152,1
6276737,51376969,2
51376970,367694951,6
298637132,302405646,1
51857281,26605624,3
137733539,298637132,0
56226937,56226937,0
343234334,47916248,3
343234334,47916249,1
62201116,135146241,7
62201116,6057917,1
131240439,131240439,0
131240439,62201372,3
131240439,131240439,0
62201121,62201116,7
62201372,6061169,3
131240439,131240439,0
6061169,135146241,7
6061169,6061169,0
131240439,131240439,0
131240439,131240403,3
62201373,62201373,1
62201373,62201376,3
62201373,62201373,1
62201373,62201374,3
62201373,62201373,1
62201373,62201375,3
62201374,62201374,1
62201373,62201373,7
62201375,62201374,7
62201373,131240439,3
62201374,62201373,1
6056057,345633935,3
6056057,6056057,0
112601555,50519366,2
112601555,112601555,0
45837734,45837734,0
45837734,67100129,7
130772931,130772931,13
130772931,48018660,12
48018646,352831076,7
48018646,48018661,6
175873836,130802372,0
175873836,345709542,3
74100353,347003327,8
74100353,74100353,0
347003327,354079209,6
347003327,347003327,0
74100353,130285121,3
74100353,74100353,0
70948801,321444902,6
70948801,70948801,0
74100353,6057193,1
74100353,74100353,0
321444897,321444898,0
321444897,321444902,6
321444901,252140542,3
321444901,321444901,0
82331267,82331267,0
112601555,112601555,0
6055551,6055551,0
6055551,6055551,0
6055551,6054252,7
135146241,135146241,0
97177167,97177168,7
135146241,135146241,0
135146241,97177167,7
97177169,135146241,7
97177168,97177168,1
97177168,97177169,7
97177168,97177168,1
126303365,352412093,7
126303365,6058797,1
130802362,130802362,0
130802362,130908291,3
323742888,50018069,8
323742888,323742888,0
108402216,130802362,3
6053351,82331267,8
130788175,112601555,2
130788221,130788221,0
130772931,50009632,12
48018660,48018661,7
48018660,48018660,0
48018648,48018648,0
48018661,50009632,1
121980319,121980321,1
121980319,121980319,1
121980338,121980338,1
130788153,130927085,7
130788153,130788153,0
130788132,130788132,0
130788132,130788132,0
130788132,130788132,0
353283601,353283601,0
126303364,323742932,0
353283535,353283535,0
353283534,323742931,0
353283534,323742930,3
6059311,6059311,0
6059311,345633938,13
6053418,126303354,1
130285136,130889761,6
130285136,6056069,4
130285136,130285140,0
345633934,345633935,7
345633934,345633936,2
130908290,130908290,0
130908290,354436361,3
345633935,345633935,0
345633935,6057204,7
345633935,50799230,3
345633936,49887645,0
345633936,50524890,2
130889761,130889761,0
130889761,50797097,7
6056069,126303354,0
130285140,130908290,2
130285140,130285140,0
26707840,130889757,2
126303366,126303354,3
126303366,126303366,0
50797098,130908289,7
50797098,50797098,0
345633935,50428539,3
345633935,345633935,0
6054895,50524889,3
6054895,6054895,0
345633935,50797098,7
345633935,345633935,0
130908290,345633934,7
130908290,130908290,0
130285140,345633935,6
130285140,345633936,0
345633934,345633934,0
131448559,6061945,1
131448559,49999718,4
131448559,298832261,7
131448559,126303356,3
124466325,227693472,1
227693472,362659444,2
74100353,321444897,8
74100353,321444901,0
6056757,6056757,0
130889762,6256526,3
130889762,130889762,0
29964834,29964834,0
29964834,29964834,0
131240428,131240428,0
47969697,47969697,0
334626741,6061459,7
334626741,334626741,0
47969697,131240428,3
47969697,47969697,0
203022903,50503658,3
47969697,334626741,7
47969697,47969697,0
6256526,6256526,0
6256526,6061891,3
130889762,130889762,0
130889762,6061051,3
130889762,131052330,3
130889762,130889762,0
6061051,6057084,1
6061051,131052528,3
50524889,49887645,8
50524889,50524890,0
50226552,50226552,0
50226552,296360429,7
296360885,296360885,0
6063413,308745784,3
131233774,6054257,1
234706403,6057902,4
234706403,234706403,0
6063068,130927091,7
50752706,6054329,7
50752706,50752706,0
135146364,135146364,1
135146241,135146241,0
135146364,135146364,1
135146364,6057996,3
130927064,130927064,0
130927064,135149433,3
131520118,131520118,0
131520118,130927102,7
131520118,131520118,0
131520118,130927107,7
130927064,135149423,7
130927064,130927064,0
135149433,131520118,3
97695773,97695773,0
97695773,6057338,8
135149436,131520118,3
6060678,6060678,0
135149454,135149473,7
135149473,130927022,7
6058721,6058721,0
6058721,6060678,3
130927022,130927079,3
130927022,130927021,0
130927022,130927080,7
135149473,135149473,1
6060678,6060678,0
6060678,130927022,7
135149481,320597951,0
320597950,320597951,0
135149483,135149483,1
135149483,320597950,7
135149485,135149485,1
135149485,135149481,3
6060678,6060678,0
6060678,131240406,7
130927085,131240406,3
130927085,130927085,0
135149497,6057996,7
6057996,6057996,0
6057996,131240406,3
130927079,130927079,0
130927079,135146241,3
346876729,47916242,8
298637132,298637132,0
6059311,6059311,0
6061305,237100953,0
156702697,6059873,3
130889762,6061639,3
130889762,130889762,0
6059873,6059873,0
215307084,130908283,0
215307084,352412093,3
215307084,49999717,8
108060074,6058797,1
346876727,346876730,0
346876727,137733536,7
6061538,6061538,0
203022903,203022903,0
203022903,47969697,3
178704668,334626741,7
178704668,178704668,0
296384738,296384738,0
35600666,6053914,1
50710193,50710193,0
334626741,334626741,0
334626741,47969697,3
178704668,131240428,3
131240428,203022888,7
131240428,131240428,0
6061891,6056757,7
194540228,194540229,3
194540229,194540229,1
131052494,131052494,0
196929888,131052494,3
50507959,50795345,3
50507959,50507959,0
203009866,50519361,3
206306596,206306596,2
119971773,206306598,3
119971773,119971773,0
206306596,206306596,1
206306598,206306598,3
206306598,206306599,8
119971773,119971773,0
119971773,6057544,3
206306598,206306596,8
206306599,206306596,7
206306596,6057544,3
6061869,6061386,3
6061869,297401519,0
131240439,234706403,2
131240439,131240439,0
6057902,131520066,3
6057902,6057902,0
210672694,131240439,4
6061169,6061169,0
6061169,131520066,3
210672696,210672697,3
210672697,210672697,1
222474496,222474500,7
333922766,120478696,3
333922766,333922766,0
222474500,222474500,1
297380210,347003330,0
297380210,347003329,3
296352769,296352769,0
296352769,6054110,3
226602117,296348848,8
227693466,124466325,3
362659444,362659444,0
124466325,124466325,0
6055095,24237985,7
6055095,6055095,0
296756722,296756724,0
296756722,24237985,7
228392613,6055095,3
29964831,29964831,0
29964831,29964831,0
6053860,29964831,7
229105897,29964831,8
6053860,6053860,0
29964829,6053651,0
29964829,6053860,7
229108522,6053860,1
229108523,6062650,4
229108523,229108523,0
6062650,6062650,0
6062650,229108523,6
130285130,6053651,3
130285130,6053860,1
6062650,50795351,7
6062650,6062650,0
229108523,130285127,0
229682234,229682234,0
229682234,131520219,3
50797098,50524889,7
50797098,50797098,0
229809166,6054895,7
6054895,130285156,3
6672155,130715044,0
6672155,6062713,1
231628322,231628321,0
231628322,231628320,0
50521641,6672155,1
362659444,112601556,0
301594129,301594129,0
301594129,234706402,7
234706405,6061169,8
234706405,234706405,0
131240395,131240439,3
131240395,131240390,0
234706405,131240439,4
234706405,234706405,0
234706406,6051485,5
234706405,6051485,6
234706405,234706405,0
168145550,234706407,0
168145550,6057996,7
234706405,6057996,8
234706405,234706405,0
6061169,6061169,0
6061169,234706403,6
234706405,6057902,8
234706405,234706405,0
6057902,6057902,0
6057902,234706403,6
234706405,131240395,2
234706405,234706405,0
6051485,234706403,8
234706405,29964834,4
6057996,6057996,0
6057996,234706403,6
234706405,6053422,7
234706405,234706405,0
234706403,234706403,0
234706403,131240403,2
6055521,234706403,6
6055521,131240403,7
234706405,234706406,2
234706405,234706405,0
29964831,29961210,0
234706405,234706405,0
315389630,6053861,8
29964834,6054455,3
29964834,29964834,0
234706405,168145550,2
234706405,234706405,0
130927085,168145551,7
130927085,130927085,0
130927085,168145550,3
168145551,234706403,8
168145551,168145551,0
130927085,234706403,6
130927085,130927085,0
168145550,168145550,0
168145550,234706405,8
131240439,131240439,0
131240439,131240390,7
234706405,130927079,4
234706405,234706405,0
130927079,130927079,0
130927079,131240390,7
234706405,234706405,0
234706405,130927085,8
6053422,6053422,8
6053422,234706403,7
234706405,6055521,8
234706405,234706405,0
234706402,301594129,3
234706402,234706402,0
234706405,301594129,4
234706405,234706405,0
6053545,29964834,0
6053545,135146241,3
297400412,343234334,3
236001976,47916248,3
47916248,297401522,7
47916248,130802361,0
236002215,297400412,7
236002215,236001976,1
236002212,236002215,0
236002214,236002214,0
236002214,236002217,0
297401519,6061128,7
297401519,297401521,0
236002215,236002219,0
236002215,236002215,0
236002217,236002215,0
236002217,236002217,0
236002219,343234334,3
236002219,236002219,0
236002215,236002215,0
236002215,236002217,0
343234334,343234334,0
6055551,6055551,0
6055551,6055551,0
320597951,130927079,7
6057457,6057457,0
6055034,6055034,0
6055034,50515741,3
130808339,6056085,1
130808339,6052466,3
256596784,50795345,3
50795345,6061052,7
50795345,50795345,0
50511272,6054575,7
50511272,50511272,0
131052383,50511272,7
252140542,297444238,0
252140542,297382770,7
321444900,321444897,0
321444900,321444901,2
252140542,252140542,0
321444901,29961183,4
321444901,6062876,0
119971773,119971773,0
264249963,323495034,3
119971773,119971773,0
119971773,264249963,7
264250026,323495034,3
131240403,131240403,0
265827169,265827169,0
135146241,135146241,0
130908030,117313634,3
130908030,130908030,0
265978220,265978220,0
265978220,366878091,3
366878091,366878091,1
50507959,196929888,3
50507959,50507959,0
50795345,50795345,0
50507959,131076086,3
50507959,6061051,1
50428539,50428539,0
50428539,331158707,3
50797098,50797098,0
50797098,345633935,3
272966126,50428539,3
120478695,274292550,3
120478695,120478695,0
382850737,274292550,0
382850737,120478695,7
274292559,274292568,7
274292568,274292568,1
50513900,257319363,3
50513900,50513900,0
274311299,29961183,3
29961183,202992524,3
29961183,29961183,0
50513886,297273916,0
274354598,297273915,3
333922766,50513900,3
333922766,50513902,1
6058679,6057257,3
6058679,6058679,0
29961210,29961210,0
29961210,6057346,3
274369006,6058679,3
6058679,131240403,7
6058679,6058679,0
274368996,6058679,7
29961219,29961219,0
29961219,6057257,7
274368996,274368970,3
274368996,274368996,1
29961219,131240403,3
29961219,29961219,0
274368990,274368990,1
274368990,274368992,7
274368990,6058679,7
274368992,29961219,7
6058679,135146241,7
6058679,6058679,0
6061205,6052418,6
6061205,131233773,0
29961219,29961219,0
29961219,274368990,7
50511187,50511187,0
50511187,130772891,3
274368972,50511187,7
296355738,296355738,0
296355738,47916246,3
274368985,296355738,3
6057096,131520273,3
6061869,6061869,0
6061869,6061869,0
6061869,6056130,7
6061869,6061869,0
274368976,6061869,3
297214550,50519367,0
297214550,297268567,8
297214542,297214546,11
297380208,146537578,0
297380208,345709543,6
321477125,50429927,8
321477125,354436361,0
296348848,6052634,3
296348848,296348848,0
296348848,130908169,2
50710197,50710197,0
6057087,50795345,3
6057087,131052330,0
117313634,50507959,7
6062869,6062869,0
6062869,6062867,1
347004689,347004689,0
347004689,49085254,3
347004689,49085257,3
347004689,347004689,0
203025089,45838766,1
203025089,297294789,7
293445997,45838766,3
45838766,297285723,0
56226936,56226936,0
56226936,117422853,7
6054237,56226937,7
298637131,298637131,0
298637131,298637131,0
121980319,121980319,1
295725702,295725696,3
295725696,295725696,1
121980319,121980319,1
121980319,121980319,1
295725694,121980319,3
295725697,121980319,3
295725694,295725694,1
295725694,295725697,2
295725698,121980319,3
121980319,295725694,3
121980319,121980319,1
295725694,295725694,2
295725694,295725698,3
121980319,121980319,1
121980319,35600668,1
298637131,121980262,0
295763966,45838764,3
45838764,45838764,0
45838764,340041406,3
45838764,45838764,0
45838764,297368435,7
295853390,6059017,3
352831076,352831076,0
296090800,296090801,7
296090800,296090800,3
296090801,48018642,3
296090800,352831076,7
352831076,297401521,7
352831076,352831076,0
6062701,6276736,7
6062701,6062701,0
6062701,296116121,7
130285153,130285153,0
130285153,6054895,7
6062881,130285133,0
130285153,298458831,3
130285153,130285153,0
297200808,306464120,12
297200808,297200808,13
306464120,297214545,0
306464120,306464119,0
297200808,297200808,0
40343528,40343528,0
334548419,334548417,8
334548419,334548418,0
334548418,121980361,0
334548418,49085209,1
40343528,40343528,0
40343528,334548419,6
334548417,296237528,3
334548417,379782128,0
334548418,334548418,0
334548418,40343528,7
40343528,40343528,0
40343528,296237534,7
379782126,379782126,0
379782126,51373072,1
40343528,334548418,3
40343528,40343528,0
296237534,296237528,0
296237534,379782128,7
296237534,296237534,0
296237534,361443218,3
87036501,87036501,0
296237534,40343528,3
296237534,296237534,0
379782126,40343528,7
379782126,379782126,0
379782120,379782120,0
296237529,121980287,1
379782128,379782126,7
379782128,379782120,0
50279566,50515742,4
50279566,50279566,0
50279568,50279568,1
50279568,6055034,1
6055034,6055034,0
6055034,317710043,3
331911998,317710043,3
331911998,331911998,0
296246873,317710020,1
296246873,317710021,5
296258448,296258451,5
296258448,121980334,2
50506641,50513893,1
296248389,296248389,0
296258451,296258451,0
296258451,121980334,7
296258451,50513893,8
121980334,121980334,1
121980334,296248389,6
121980334,296789353,1
296248389,296248389,0
296248389,296258451,6
50513893,50513894,4
50506641,296258448,6
50506641,50506641,0
296258452,296258451,3
296258452,121980334,1
50506641,50506641,0
50506641,296258452,8
50506641,50506641,0
121980305,6051515,3
121980305,121980305,1
296248386,296248386,0
296248386,296272892,8
296248386,6051515,6
6051515,50506641,8
121980305,296272891,1
121980305,296248386,6
296248386,131052339,4
296248386,58681089,2
296272892,50506641,6
296272892,121980305,5
6051515,6051515,0
6051515,121980305,7
130808339,130808339,0
130908164,296352769,3
130908164,296352766,0
297237152,6055384,7
297237152,297237152,0
130808339,130808339,0
130808339,130908164,7
297237152,296352768,0
297237152,296352769,3
297237151,6051910,6
297237152,297237152,0
297237152,6054568,8
50511273,50511273,0
130808339,130808339,0
130808339,297237152,7
50511196,50511197,0
130772961,50511187,3
130772961,130772958,0
130772961,6056046,8
296324854,296345143,2
296324854,296324854,0
296789249,130772961,0
286298162,286298162,0
286298162,130599643,8
50511182,50511182,0
50511181,286298162,6
50511181,50511182,4
296334912,50511182,3
286298162,296334912,0
286298162,286298162,0
130599643,130599642,0
130599643,296334912,6
130599642,119971773,8
130599642,50511181,0
296334912,50511181,8
296334912,296334912,0
50511187,50511187,0
131233773,229682234,7
131233773,131520219,0
130908169,130908169,0
130908169,50511187,3
50511187,130908169,6
50511187,50511187,0
296345143,296345143,0
296345143,296348848,4
130908169,296338555,0
130908169,50511184,0
50511187,50511187,0
50511187,131233773,7
296345143,296345143,0
296345143,296324854,8
296348848,130772961,2
296345143,130908169,0
296345143,6054899,8
296324854,130908169,6
296324854,296324854,0
6054899,130908169,8
6054899,6054899,0
296348848,296348848,0
130908169,130908169,0
130908169,296324854,4
6054899,296348848,6
331914019,296348848,0
331914024,6052466,2
296352769,296352769,0
296352769,226602117,7
296352766,296352766,0
296352766,130908169,0
296352766,6054899,3
296352767,296352768,0
296352767,296352769,7
130908164,130808339,3
130908164,130908164,0
6055384,6055384,0
6055384,297237152,3
296352766,296352766,0
296352766,296352767,6
308745784,50511176,0
308745784,288581933,3
308745784,308745784,0
6062206,308745784,3
131520219,6063413,7
6061085,6061085,0
131520219,288581934,0
131520219,288581932,3
130772891,6062206,3
130772891,6061879,7
130772891,130772891,0
119971772,119971773,0
119971772,296334912,8
296360429,50226552,3
296360429,296360429,1
296360388,50226552,0
296360388,296355738,7
6057196,296360885,0
6057196,296360388,3
296355738,119971772,7
296355738,296355738,0
296360430,296360885,3
296360885,50226552,7
296360885,296360885,0
296360388,296360388,0
50226552,50226552,0
50226552,296360885,3
296360431,296360388,7
50226552,50511183,1
296360429,296360388,7
50511183,50511183,1
296360388,296360388,0
296360388,296360885,7
296360388,296360388,0
296360885,119971772,7
296360885,296360885,0
131052383,131052383,0
131052386,131052386,0
131052386,6059107,7
297294791,131052297,7
297294791,297294792,0
297294778,297294778,0
296365924,6055387,1
296367654,6059107,1
6055387,6055387,0
6055387,6059107,3
288581932,50228568,4
296374854,50228568,1
50228568,6061085,7
50228568,50228568,1
50710197,288581933,0
296377338,296377248,1
296377338,24238023,7
297200816,346876670,8
346876674,49085145,8
346876674,346876674,0
117251331,117251331,0
121980262,334548417,0
121980262,334548418,7
6055608,203025089,3
6055608,203025090,0
6061538,302405646,0
302405646,302405646,0
26551223,44076676,0
302405646,302405646,0
302405646,50202335,1
302405646,26551223,3
302405646,302405646,0
296790602,298637131,0
87036501,6055623,7
87036501,87036501,0
243345570,6062810,3
243345570,243345570,0
296755160,296755160,1
334551148,130927017,3
334551149,296795220,11
345632497,345632497,0
345632497,6056034,3
345632497,345632497,0
6051560,24224994,6
6051560,50513891,2
6051560,288338891,6
296788524,296355026,3
296355026,6054575,0
296355026,50511272,3
121980246,49085295,1
6058063,50506190,7
6058063,50473277,1
296790100,296790095,2
296790100,47918106,6
296790095,6055095,7
296790095,50513897,1
47918106,50506190,2
47918106,50473277,3
297254928,6053281,8
297254928,347004691,0
296795220,296795220,13
296795220,296795220,13
296795221,296795221,0
296795220,296795220,13
296795221,130927099,0
296795221,130908081,4
296860850,130927030,2
130927030,130927030,0
202995098,202995096,6
296860853,296860850,0
130927030,130927031,0
130927030,130927099,7
296861772,39465798,3
296951208,296951208,0
296951208,296901766,1
296951208,296951208,0
296901766,6052328,0
296951208,296901762,1
6054355,120478418,2
6062174,296951208,0
296951208,296951208,0
50427058,50427058,0
50427058,6059056,7
345633935,130908292,0
345633935,130772943,8
50431292,50431292,0
130772943,130772943,0
130772943,6054254,7
296971737,6054254,0
296971737,130907982,0
112601555,112601555,0
112601555,112601555,0
112601555,112601555,0
112601555,112601555,0
297200808,297200808,13
297200819,6054111,7
297200818,297200808,11
347004689,347004689,0
297204285,49084381,1
345632497,345632497,0
297214546,297214546,0
306464121,297214546,11
306464121,6059841,2
345632497,345632497,0
345632497,297212174,8
297214546,297214546,0
6059841,297214550,0
6059841,297214542,0
297214546,297214546,13
297214546,297214548,12
297214546,297214546,13
297214546,6059841,12
297214548,306464121,0
345632497,50513895,1
297212174,297212177,0
6052466,297236025,0
6052466,297236029,6
297236035,6055384,3
297236035,6055234,0
297236035,6055517,0
297236025,6055384,4
297236029,132577565,2
6055384,130908164,3
6055384,6055384,0
6055234,297236025,3
6055234,297236029,1
6055517,6055517,0
6055517,50510610,7
6055517,130908164,3
130908169,6052634,2
130908169,296348848,8
130908169,130908169,0
296324854,296348848,0
6055384,50511196,3
297237152,130808339,3
297237152,297237152,0
24237985,50506638,3
6055095,50506637,3
6062971,6062978,3
6062971,6062971,0
297268569,6062978,7
297268569,297268569,0
6062978,6062978,0
6062978,6062971,7
297268564,297268564,0
297268564,50513892,4
297268570,131448570,0
297268570,297273915,8
297268570,130772962,0
297268564,297268564,0
50519379,297273917,0
130908303,297273916,7
297273914,50513892,1
297273917,6062971,3
297273917,297273917,0
297285721,297273917,7
50513892,297268564,6
50513892,50513892,0
297268564,50513886,1
297268564,297285721,7
50513892,131448570,4
50513892,297273915,0
50513892,130772962,7
50513892,297285721,0
50513892,50513892,0
297294797,297285723,0
297295058,146537585,0
297295058,297285723,7
146537585,50519379,1
146537585,130908303,7
146537585,297273914,0
297285723,297285722,7
297285723,297294797,0
297294778,50513888,3
297294778,297294778,0
297294784,297294784,0
297294784,6054255,7
50513888,50513888,0
50513888,297294778,7
297294784,131052386,3
297294784,297294791,0
297294784,297294778,6
6054255,297294778,7
297295058,297294797,3
297295058,297295058,0
297294789,297294784,1
297294789,50513888,8
297295058,297295058,0
297295058,297294789,6
297294771,45838766,7
297294771,297294789,6
50513888,297368443,0
50513888,29961168,3
297294778,297295058,7
297294778,297294771,1
297368625,297368625,0
297368625,333922766,3
131052297,26572919,3
131052297,131052297,0
297368443,45838768,7
29961168,131052386,3
29961168,29961168,0
146537578,297295058,1
146537578,297294771,3
345709543,297368443,7
345709543,29961168,0
45838768,6058193,1
45838768,45838765,7
45838768,146537587,6
297368440,297380208,0
131052386,131052386,0
131052386,297294791,7
131052386,297294778,4
29961168,297368625,0
29961168,131052297,7
26572919,297380214,7
333922766,297368625,7
333922766,333922766,0
45838768,45838768,0
45838768,297368440,7
130788227,6061869,7
130788227,29961157,0
236002215,236002215,0
236002217,236002219,0
130788227,130788227,0
130788227,50511365,7
297401520,297401520,1
125568108,6052882,3
125568108,130788190,0
6061083,297401522,3
6061083,6061083,0
297401520,297401520,1
6061128,6061128,0
343234334,297401519,3
343234334,343234334,0
297401523,297401520,7
297401520,343234334,3
130908179,343234334,3
130908179,130908179,0
297401523,297401523,1
125568108,125568108,0
297401521,297401521,0
297401521,130788207,3
6054250,297401520,7
297401524,297401523,3
297444234,297444234,0
297759292,297444234,0
297444228,297444229,0
297456132,297444234,6
6061126,6061126,0
6061126,297444235,0
297444245,297444234,0
45838764,45838764,0
6061126,45838764,5
297444235,297444229,0
297444229,45838764,7
297444229,297368435,0
297444234,130285135,8
297444234,297444238,0
347003330,347003330,0
347003330,70948801,3
347003329,131076063,7
347003329,333922526,0
333922782,333922766,3
333922782,333922765,0
130285135,297759293,7
130285135,70948801,3
130285135,297759291,0
6055628,333922782,0
6055628,130285135,7
297456132,297456132,0
70948801,347003330,7
70948801,70948801,0
6056371,333922766,0
6056371,333922765,7
297759293,298814316,7
297759293,297759293,0
70948801,70948801,0
70948801,6056371,3
297759291,6058330,3
297759291,50799606,0
45838764,45838764,0
45838764,24238018,7
297759293,296591633,3
24238018,297759293,0
24238018,70948801,0
24238018,297759291,8
146537575,6055628,7
146537575,297456132,0
298814316,24238018,6
298814316,146537575,0
297759293,45838764,7
297759293,297759293,0
347003226,347003226,0
347003226,348641039,3
108060074,108060074,0
6061128,6061128,0
6061128,297401521,3
298169242,6061128,3
298169243,298169245,7
298169243,298169243,1
298169242,298169242,1
298169242,298169243,7
125568108,125568108,0
125568108,297401521,3
125568108,298169242,7
125568108,125568108,0
298169245,125568108,7
298169243,130908179,3
6061128,297401520,7
6061128,6061128,0
298169245,298169245,1
298169245,298169243,3
130908179,130908179,0
130908179,6061128,3
130285153,130285153,0
130285153,130285153,0
296129593,130285153,3
308739814,352831076,3
308739814,48018661,1
50799606,50799606,0
50799606,6054453,7
298814311,298814316,8
298814311,6058330,0
354079209,130285121,7
354079209,354079209,0
298814315,74100353,8
130285121,130285121,0
130285121,74100353,7
354079209,354079209,0
354079209,347003327,3
298814315,354079209,4
298814315,298814315,1
130285121,130285121,0
130285121,354079209,3
130285121,50260020,0
130285121,130927087,7
130285121,50260019,0
74100353,50260019,6
74100353,74100353,0
298814316,298814316,0
298814316,297759293,3
6058330,6058330,0
6058330,50799606,7
6058330,298814317,0
6058330,29961164,7
6058330,6056371,3
6058330,298814311,0
50799606,50799606,0
50799606,298814311,6
50260019,130285121,0
50260019,354079209,8
74100353,74100353,0
74100353,130927087,8
74100353,74100353,0
130927087,354079210,0
130927087,354079209,6
74100353,70948801,8
74100353,74100353,0
126303361,348634728,7
126303361,126303361,0
108060074,6061945,3
108060074,108060074,0
348634728,298832240,4
126303361,126303361,0
323742931,353283601,3
323742931,126303364,1
323742930,50429920,8
323742930,323742930,0
323742932,126303365,0
298825115,50799606,7
298825115,6054453,0
70948802,298814316,0
70948802,6058330,7
70948802,298825115,7
70948802,70948802,0
6054453,6055389,3
6054453,298825115,0
50799606,70948803,3
50799606,50799606,0
6054453,70948802,7
6054453,6054453,0
70948803,47471725,7
70948803,70948803,0
50799606,126303362,4
50799606,298829677,0
70948802,70948802,0
70948802,6054453,3
70948803,70948803,0
70948803,50799606,7
47471725,130802371,3
70948803,347003328,7
70948803,347003327,0
6061945,6061945,0
6061945,49999718,1
6061945,298832261,4
6061945,126303356,8
108060074,203119345,7
108060074,108060074,0
6061945,6061945,0
6061945,108060074,4
298832240,298832240,0
29961684,234706405,7
234706405,234706402,2
234706405,234706405,0
301594129,301594129,0
301594129,130927006,3
234706402,234706402,0
234706402,6061169,7
6052382,302405646,8
297200808,297200808,13
333922766,333922766,0
333922766,333922766,0
229682234,296338555,7
229682234,50511184,3
131520219,6062206,7
131520219,131520219,0
6060890,321443831,0
6053861,6053861,0
6053861,6058679,3
317710020,317710022,1
317710021,317710021,1
6055034,6054462,8
50515741,132577682,6
317710021,317710022,6
317710023,317710023,1
317710023,331911998,3
6055034,6055034,0
317710021,317710021,1
317710021,317710023,7
296774703,347004689,7
50710311,322578798,0
321211877,321211877,1
130788221,119972289,7
130788221,322578798,2
130788221,130788224,0
321211877,130788221,7
321211877,321211879,7
321211877,321211877,1
130927012,119972288,8
321211878,321211877,3
345709541,6059311,0
6051343,321477125,0
345633938,345633937,0
6062204,29961183,7
6062204,6062876,1
29961175,155011691,0
6057595,47916246,6
6057595,202992520,0
119971773,50513900,1
119971773,50513902,7
6057544,6057544,0
131076097,120478696,0
131076097,333922766,7
297380210,222474500,7
297380210,297380210,0
6057544,119971773,7
6057544,6057544,0
130908302,6054902,7
297368625,297368625,0
297368625,6054886,7
297380214,297380214,0
6054902,119971773,7
119971773,119971773,0
119971773,50511181,8
296334912,130599642,4
296334912,296334912,0
202992520,119971773,2
202992520,296334912,0
202992520,202992520,0
202992520,297380211,6
202992520,202992520,0
130285135,333922782,3
130285135,130285135,0
297444238,297456132,7
297380211,296365351,7
297380211,297380211,0
130908059,120478695,3
130908059,130908059,0
366731347,366731347,0
366731347,6052985,6
130788132,6060678,2
130788132,130788132,0
50428539,50428539,0
50428539,50431292,2
50428539,50428539,0
50428539,331158708,3
50431292,50431287,1
317710023,6055034,3
331911998,6055034,0
317710043,317710021,7
331911998,317710023,7
331911998,331911998,0
6052466,6052466,0
56226936,56226936,0
56226936,6059711,7
6058376,56226937,7
87036501,296756719,3
87036501,87036501,0
334551147,87036501,7
87036501,6062810,3
87036501,87036501,0
334554804,363153498,3
363153498,6056988,7
237100956,237100956,0
335099039,6716410,3
6716410,232824024,7
6716410,6716410,0
130285119,130285119,0
130285119,6055551,7
6054252,130889684,0
6054252,130889755,3
48018642,48018642,0
45838764,6058193,3
45838764,45838765,1
45838764,146537587,7
202992522,130802376,3
202992522,202992524,0
120478695,202992522,7
120478695,202992519,0
274292550,274292550,0
274292550,297380211,7
297380211,297296751,7
297380211,6057192,3
297380211,297380211,0
345265338,202992520,3
126303368,126303368,0
126303368,131052420,3
345632497,6062809,3
345632497,345632497,0
346876757,296606844,0
346876753,24238043,3
346876753,346876753,1
346876753,346876755,7
346876670,24238023,0
298832240,353283535,2
298832240,298832235,0
347003226,353283535,3
347003226,347003226,0
348641037,126303361,3
126303361,353283535,3
126303361,126303361,0
347003226,347003226,0
347003226,348641037,7
348641039,70948801,7
70948801,200019461,3
70948801,130788204,0
6061869,6061869,0
6061869,131520273,3
297401519,297401519,0
297401519,343234334,7
352698517,130908179,3
352698519,6061869,3
352698521,131520273,3
131520273,131520273,0
131520273,297401856,3
352698520,297401856,3
130908179,6061386,7
130908179,130908179,0
297401856,6054059,7
297401856,297401856,0
45838764,45838764,0
45838764,297759293,3
45838764,45838764,0
346876758,297200816,1
346876758,346876674,4
49085145,49085145,0
49085145,346876674,2
49085145,117251331,3
346876674,347004689,3
117251331,347004689,0
6054237,6054237,0
6054237,6059537,7
361074828,361074828,0
361074802,361074828,0
361074799,29961219,3
29961219,29961219,0
29961219,361074828,3
50795344,6057257,3
50795344,50795344,0
361074799,361074799,0
361074799,361074845,0
50795344,50795344,0
50795344,361074799,3
367694949,367694949,0
367694949,6057257,3
361074867,50795344,7
361074828,50795344,3
361074799,361074802,0
361074799,361074799,0
361074845,361074828,0
29961219,29961219,0
29961219,6056078,7
361074828,361074828,0
50795344,50795344,0
50752706,50752706,0
50752706,6057191,7
361412171,6060851,7
296237534,296237534,0
6056078,6056078,0
6056078,6058679,7
125568108,125568108,0
125568108,6061083,7
297380211,292148139,7
297380211,292148140,0
202992520,202992520,0
47916246,296355738,7
47916246,47916246,0
202992520,202992520,0
130802376,6062204,7
130802376,29961175,0
130802376,6057595,3
202992524,202992524,0
202992524,202992524,0
202992524,29961183,7
297382769,130802359,0
6061387,202992524,7
29961183,131076097,0
297382769,297382769,0
297382769,6061387,7
131076097,131076097,0
131076097,131076063,2
131076097,131076097,0
131076097,297380210,4
131076063,131076063,0
131076063,297444238,7
131076063,131076063,0
131076063,333922526,3
297444238,297380210,3
297444238,297444238,0
222474500,222474500,3
222474500,222474494,7
297380210,297380210,0
297380210,297444238,7
297380210,297380210,0
297444238,333922766,7
297444238,297444238,0
297380214,131076097,7
297380214,297380210,0
120478695,120478695,0
130908059,297368625,4
130908059,297380214,0
6057544,297380211,3
6057544,130908059,0
323495034,6054902,3
323495034,323495034,0
323495034,323495034,0
50511182,323495034,0
333922766,222474496,7
333922766,333922766,0
297444238,130285135,3
297444238,297444238,0
131052386,6055387,5
6059107,6055387,7
6059107,6059107,0
6055387,131052297,0
6055387,297294792,3
6059107,6059107,0
6059107,6059107,0
6059107,333922766,3
6059107,131052512,0
333922766,333922766,0
131052512,297380211,0
131052512,130908059,7
366878090,366878091,7
47969697,56226936,3
47969697,6674712,0
203022888,203022888,0
203022888,56226936,3
367147290,47969697,3
367147299,367147296,3
367147299,367147299,1
367147296,203022888,3
203022888,203022888,0
203022888,131240428,3
203022888,203022888,0
367147293,367147299,7
367147298,367147294,3
367147298,367147298,1
203022888,203022888,0
203022888,334626741,7
367147294,203022888,3
203022888,203022888,0
367147292,367147298,7
131076086,131076086,0
131076086,130808352,3
367150539,131076086,3
50795345,50795345,0
367150539,367150539,3
367150539,367150540,7
6063421,292148140,3
296355738,292148140,3
296355738,296355738,0
371045428,6063421,7
50513891,50513891,0
50513891,126303368,7
50513891,131052420,1
6059017,6059017,0
372538673,295853390,7
6057996,131240390,3
6057996,6057996,0
374649523,374649523,1
130927085,131240390,3
130927085,130927085,0
6054785,6057996,7
374649524,374649523,7
374649523,130927085,3
378138766,265827169,7
265827169,135146241,7
39465798,39465798,0
39465798,50470683,7
56226937,379685264,7
56226937,56226937,0
39465798,130927030,0
50202335,50202335,0
6054461,118727368,1
296951212,6054355,1
296951212,6062174,0
296951210,296951208,0
382529648,382529648,0
382529648,130889739,7
383980899,384000094,1
383980899,371431396,1
